This is pdfTeX, Version 3.141592653-2.6-1.40.25 (MiKTeX 23.5) (preloaded format=pdflatex 2023.8.7)  11 MAR 2025 14:25
entering extended mode
 restricted \write18 enabled.
 %&-line parsing enabled.
**C:/workspace/robot-framework-aio/devatserv_documentation/book/DevAtServ_Refer
ence_OSS.tex

(C:/workspace/robot-framework-aio/devatserv_documentation/book/DevAtServ_Refere
nce_OSS.tex
LaTeX2e <2023-06-01> patch level 1
L3 programming layer <2023-06-30>
(C:\Users\HTV3HC\AppData\Local\Programs\MiKTeX\tex/latex/base\report.cls
Document Class: report 2023/05/17 v1.4n Standard LaTeX document class
(C:\Users\HTV3HC\AppData\Local\Programs\MiKTeX\tex/latex/base\size10.clo
File: size10.clo 2023/05/17 v1.4n Standard LaTeX file (size option)
)
\c@part=\count185
\c@chapter=\count186
\c@section=\count187
\c@subsection=\count188
\c@subsubsection=\count189
\c@paragraph=\count190
\c@subparagraph=\count191
\c@figure=\count192
\c@table=\count193
\abovecaptionskip=\skip48
\belowcaptionskip=\skip49
\bibindent=\dimen140
)
(styles/preamble.tex
(C:\Users\HTV3HC\AppData\Local\Programs\MiKTeX\tex/latex/geometry\geometry.sty
Package: geometry 2020/01/02 v5.9 Page Geometry

(C:\Users\HTV3HC\AppData\Local\Programs\MiKTeX\tex/latex/graphics\keyval.sty
Package: keyval 2022/05/29 v1.15 key=value parser (DPC)
\KV@toks@=\toks17
)
(C:\Users\HTV3HC\AppData\Local\Programs\MiKTeX\tex/generic/iftex\ifvtex.sty
Package: ifvtex 2019/10/25 v1.7 ifvtex legacy package. Use iftex instead.

(C:\Users\HTV3HC\AppData\Local\Programs\MiKTeX\tex/generic/iftex\iftex.sty
Package: iftex 2022/02/03 v1.0f TeX engine tests
))
\Gm@cnth=\count194
\Gm@cntv=\count195
\c@Gm@tempcnt=\count196
\Gm@bindingoffset=\dimen141
\Gm@wd@mp=\dimen142
\Gm@odd@mp=\dimen143
\Gm@even@mp=\dimen144
\Gm@layoutwidth=\dimen145
\Gm@layoutheight=\dimen146
\Gm@layouthoffset=\dimen147
\Gm@layoutvoffset=\dimen148
\Gm@dimlist=\toks18

(C:\Users\HTV3HC\AppData\Local\Programs\MiKTeX\tex/latex/geometry\geometry.cfg)
) (C:\Users\HTV3HC\AppData\Local\Programs\MiKTeX\tex/latex/graphics\color.sty
Package: color 2022/01/06 v1.3d Standard LaTeX Color (DPC)

(C:\Users\HTV3HC\AppData\Local\Programs\MiKTeX\tex/latex/graphics-cfg\color.cfg
File: color.cfg 2016/01/02 v1.6 sample color configuration
)
Package color Info: Driver file: pdftex.def on input line 149.

(C:\Users\HTV3HC\AppData\Local\Programs\MiKTeX\tex/latex/graphics-def\pdftex.de
f
File: pdftex.def 2022/09/22 v1.2b Graphics/color driver for pdftex
)
(C:\Users\HTV3HC\AppData\Local\Programs\MiKTeX\tex/latex/graphics\mathcolor.ltx
))
(C:\Users\HTV3HC\AppData\Local\Programs\MiKTeX\tex/latex/fancyhdr\fancyhdr.sty
Package: fancyhdr 2022/11/09 v4.1 Extensive control of page headers and footers

\f@nch@headwidth=\skip50
\f@nch@O@elh=\skip51
\f@nch@O@erh=\skip52
\f@nch@O@olh=\skip53
\f@nch@O@orh=\skip54
\f@nch@O@elf=\skip55
\f@nch@O@erf=\skip56
\f@nch@O@olf=\skip57
\f@nch@O@orf=\skip58
) (C:\Users\HTV3HC\AppData\Local\Programs\MiKTeX\tex/latex/hyperref\hyperref.st
y
Package: hyperref 2023-07-08 v7.01b Hypertext links for LaTeX
(C:\Users\HTV3HC\AppData\Local\Programs\MiKTeX\tex/generic/ltxcmds\ltxcmds.sty
Package: ltxcmds 2020-05-10 v1.25 LaTeX kernel commands for general use (HO)
)
(C:\Users\HTV3HC\AppData\Local\Programs\MiKTeX\tex/generic/pdftexcmds\pdftexcmd
s.sty
Package: pdftexcmds 2020-06-27 v0.33 Utility functions of pdfTeX for LuaTeX (HO
)

(C:\Users\HTV3HC\AppData\Local\Programs\MiKTeX\tex/generic/infwarerr\infwarerr.
sty
Package: infwarerr 2019/12/03 v1.5 Providing info/warning/error messages (HO)
)
Package pdftexcmds Info: \pdf@primitive is available.
Package pdftexcmds Info: \pdf@ifprimitive is available.
Package pdftexcmds Info: \pdfdraftmode found.
)
(C:\Users\HTV3HC\AppData\Local\Programs\MiKTeX\tex/latex/kvsetkeys\kvsetkeys.st
y
Package: kvsetkeys 2022-10-05 v1.19 Key value parser (HO)
)
(C:\Users\HTV3HC\AppData\Local\Programs\MiKTeX\tex/generic/kvdefinekeys\kvdefin
ekeys.sty
Package: kvdefinekeys 2019-12-19 v1.6 Define keys (HO)
)
(C:\Users\HTV3HC\AppData\Local\Programs\MiKTeX\tex/generic/pdfescape\pdfescape.
sty
Package: pdfescape 2019/12/09 v1.15 Implements pdfTeX's escape features (HO)
)
(C:\Users\HTV3HC\AppData\Local\Programs\MiKTeX\tex/latex/hycolor\hycolor.sty
Package: hycolor 2020-01-27 v1.10 Color options for hyperref/bookmark (HO)
)
(C:\Users\HTV3HC\AppData\Local\Programs\MiKTeX\tex/latex/letltxmacro\letltxmacr
o.sty
Package: letltxmacro 2019/12/03 v1.6 Let assignment for LaTeX macros (HO)
)
(C:\Users\HTV3HC\AppData\Local\Programs\MiKTeX\tex/latex/auxhook\auxhook.sty
Package: auxhook 2019-12-17 v1.6 Hooks for auxiliary files (HO)
)
(C:\Users\HTV3HC\AppData\Local\Programs\MiKTeX\tex/latex/hyperref\nameref.sty
Package: nameref 2023-08-07 v2.53 Cross-referencing by name of section

(C:\Users\HTV3HC\AppData\Local\Programs\MiKTeX\tex/latex/refcount\refcount.sty
Package: refcount 2019/12/15 v3.6 Data extraction from label references (HO)
)
(C:\Users\HTV3HC\AppData\Local\Programs\MiKTeX\tex/generic/gettitlestring\getti
tlestring.sty
Package: gettitlestring 2019/12/15 v1.6 Cleanup title references (HO)

(C:\Users\HTV3HC\AppData\Local\Programs\MiKTeX\tex/latex/kvoptions\kvoptions.st
y
Package: kvoptions 2022-06-15 v3.15 Key value format for package options (HO)
))
\c@section@level=\count197
)
(C:\Users\HTV3HC\AppData\Local\Programs\MiKTeX\tex/latex/etoolbox\etoolbox.sty
Package: etoolbox 2020/10/05 v2.5k e-TeX tools for LaTeX (JAW)
\etb@tempcnta=\count198
)
\@linkdim=\dimen149
\Hy@linkcounter=\count199
\Hy@pagecounter=\count266
(C:\Users\HTV3HC\AppData\Local\Programs\MiKTeX\tex/latex/hyperref\pd1enc.def
File: pd1enc.def 2023-07-08 v7.01b Hyperref: PDFDocEncoding definition (HO)
Now handling font encoding PD1 ...
... no UTF-8 mapping file for font encoding PD1
)
(C:\Users\HTV3HC\AppData\Local\Programs\MiKTeX\tex/generic/intcalc\intcalc.sty
Package: intcalc 2019/12/15 v1.3 Expandable calculations with integers (HO)
)
\Hy@SavedSpaceFactor=\count267
(C:\Users\HTV3HC\AppData\Local\Programs\MiKTeX\tex/latex/hyperref\puenc.def
File: puenc.def 2023-07-08 v7.01b Hyperref: PDF Unicode definition (HO)
Now handling font encoding PU ...
... no UTF-8 mapping file for font encoding PU
)
Package hyperref Info: Option `bookmarksopen' set `true' on input line 4050.
Package hyperref Info: Option `bookmarksnumbered' set `true' on input line 4050
.
Package hyperref Info: Hyper figures OFF on input line 4167.
Package hyperref Info: Link nesting OFF on input line 4172.
Package hyperref Info: Hyper index ON on input line 4175.
Package hyperref Info: Plain pages OFF on input line 4182.
Package hyperref Info: Backreferencing OFF on input line 4187.
Package hyperref Info: Implicit mode ON; LaTeX internals redefined.
Package hyperref Info: Bookmarks ON on input line 4434.
\c@Hy@tempcnt=\count268

(C:\Users\HTV3HC\AppData\Local\Programs\MiKTeX\tex/latex/url\url.sty
\Urlmuskip=\muskip16
Package: url 2013/09/16  ver 3.4  Verb mode for urls, etc.
)
LaTeX Info: Redefining \url on input line 4772.
\XeTeXLinkMargin=\dimen150

(C:\Users\HTV3HC\AppData\Local\Programs\MiKTeX\tex/generic/bitset\bitset.sty
Package: bitset 2019/12/09 v1.3 Handle bit-vector datatype (HO)

(C:\Users\HTV3HC\AppData\Local\Programs\MiKTeX\tex/generic/bigintcalc\bigintcal
c.sty
Package: bigintcalc 2019/12/15 v1.5 Expandable calculations on big integers (HO
)
))
\Fld@menulength=\count269
\Field@Width=\dimen151
\Fld@charsize=\dimen152
Package hyperref Info: Hyper figures OFF on input line 6051.
Package hyperref Info: Link nesting OFF on input line 6056.
Package hyperref Info: Hyper index ON on input line 6059.
Package hyperref Info: backreferencing OFF on input line 6066.
Package hyperref Info: Link coloring OFF on input line 6071.
Package hyperref Info: Link coloring with OCG OFF on input line 6076.
Package hyperref Info: PDF/A mode OFF on input line 6081.

(C:\Users\HTV3HC\AppData\Local\Programs\MiKTeX\tex/latex/base\atbegshi-ltx.sty
Package: atbegshi-ltx 2021/01/10 v1.0c Emulation of the original atbegshi
package with kernel methods
)
\Hy@abspage=\count270
\c@Item=\count271
\c@Hfootnote=\count272
)
Package hyperref Info: Driver (autodetected): hpdftex.
 (C:\Users\HTV3HC\AppData\Local\Programs\MiKTeX\tex/latex/hyperref\hpdftex.def
File: hpdftex.def 2023-07-08 v7.01b Hyperref driver for pdfTeX

(C:\Users\HTV3HC\AppData\Local\Programs\MiKTeX\tex/latex/base\atveryend-ltx.sty
Package: atveryend-ltx 2020/08/19 v1.0a Emulation of the original atveryend pac
kage
with kernel methods
)
\Fld@listcount=\count273
\c@bookmark@seq@number=\count274

(C:\Users\HTV3HC\AppData\Local\Programs\MiKTeX\tex/latex/rerunfilecheck\rerunfi
lecheck.sty
Package: rerunfilecheck 2022-07-10 v1.10 Rerun checks for auxiliary files (HO)

(C:\Users\HTV3HC\AppData\Local\Programs\MiKTeX\tex/generic/uniquecounter\unique
counter.sty
Package: uniquecounter 2019/12/15 v1.4 Provide unlimited unique counter (HO)
)
Package uniquecounter Info: New unique counter `rerunfilecheck' on input line 2
85.
)
\Hy@SectionHShift=\skip59
)
Package hyperref Info: Option `colorlinks' set `true' on input line 51.
Package hyperref Info: Option `final' set `true' on input line 51.

(C:\Users\HTV3HC\AppData\Local\Programs\MiKTeX\tex/latex/graphics\graphicx.sty
Package: graphicx 2021/09/16 v1.2d Enhanced LaTeX Graphics (DPC,SPQR)

(C:\Users\HTV3HC\AppData\Local\Programs\MiKTeX\tex/latex/graphics\graphics.sty
Package: graphics 2022/03/10 v1.4e Standard LaTeX Graphics (DPC,SPQR)

(C:\Users\HTV3HC\AppData\Local\Programs\MiKTeX\tex/latex/graphics\trig.sty
Package: trig 2021/08/11 v1.11 sin cos tan (DPC)
)
(C:\Users\HTV3HC\AppData\Local\Programs\MiKTeX\tex/latex/graphics-cfg\graphics.
cfg
File: graphics.cfg 2016/06/04 v1.11 sample graphics configuration
)
Package graphics Info: Driver file: pdftex.def on input line 107.
)
\Gin@req@height=\dimen153
\Gin@req@width=\dimen154
)
(C:\Users\HTV3HC\AppData\Local\Programs\MiKTeX\tex/latex/tools\longtable.sty
Package: longtable 2021-09-01 v4.17 Multi-page Table package (DPC)
\LTleft=\skip60
\LTright=\skip61
\LTpre=\skip62
\LTpost=\skip63
\LTchunksize=\count275
\LTcapwidth=\dimen155
\LT@head=\box51
\LT@firsthead=\box52
\LT@foot=\box53
\LT@lastfoot=\box54
\LT@gbox=\box55
\LT@cols=\count276
\LT@rows=\count277
\c@LT@tables=\count278
\c@LT@chunks=\count279
\LT@p@ftn=\toks19
)
(C:\Users\HTV3HC\AppData\Local\Programs\MiKTeX\tex/latex/multirow\multirow.sty
Package: multirow 2021/03/15 v2.8 Span multiple rows of a table
\multirow@colwidth=\skip64
\multirow@cntb=\count280
\multirow@dima=\skip65
\bigstrutjot=\dimen156
) (C:\Users\HTV3HC\AppData\Local\Programs\MiKTeX\tex/latex/tools\multicol.sty
Package: multicol 2023/03/30 v1.9f multicolumn formatting (FMi)
\c@tracingmulticols=\count281
\mult@box=\box56
\multicol@leftmargin=\dimen157
\c@unbalance=\count282
\c@collectmore=\count283
\doublecol@number=\count284
\multicoltolerance=\count285
\multicolpretolerance=\count286
\full@width=\dimen158
\page@free=\dimen159
\premulticols=\dimen160
\postmulticols=\dimen161
\multicolsep=\skip66
\multicolbaselineskip=\skip67
\partial@page=\box57
\last@line=\box58
\mc@boxedresult=\box59
\maxbalancingoverflow=\dimen162
\mult@rightbox=\box60
\mult@grightbox=\box61
\mult@firstbox=\box62
\mult@gfirstbox=\box63
\@tempa=\box64
\@tempa=\box65
\@tempa=\box66
\@tempa=\box67
\@tempa=\box68
\@tempa=\box69
\@tempa=\box70
\@tempa=\box71
\@tempa=\box72
\@tempa=\box73
\@tempa=\box74
\@tempa=\box75
\@tempa=\box76
\@tempa=\box77
\@tempa=\box78
\@tempa=\box79
\@tempa=\box80
\@tempa=\box81
\@tempa=\box82
\@tempa=\box83
\@tempa=\box84
\@tempa=\box85
\@tempa=\box86
\@tempa=\box87
\@tempa=\box88
\@tempa=\box89
\@tempa=\box90
\@tempa=\box91
\@tempa=\box92
\@tempa=\box93
\@tempa=\box94
\@tempa=\box95
\@tempa=\box96
\@tempa=\box97
\@tempa=\box98
\@tempa=\box99
\c@minrows=\count287
\c@columnbadness=\count288
\c@finalcolumnbadness=\count289
\last@try=\dimen163
\multicolovershoot=\dimen164
\multicolundershoot=\dimen165
\mult@nat@firstbox=\box100
\colbreak@box=\box101
\mc@col@check@num=\count290
)
(C:\Users\HTV3HC\AppData\Local\Programs\MiKTeX\tex/latex/tools\array.sty
Package: array 2022/09/04 v2.5g Tabular extension package (FMi)
\col@sep=\dimen166
\ar@mcellbox=\box102
\extrarowheight=\dimen167
\NC@list=\toks20
\extratabsurround=\skip68
\backup@length=\skip69
\ar@cellbox=\box103
)
(C:\Users\HTV3HC\AppData\Local\Programs\MiKTeX\tex/latex/booktabs\booktabs.sty
Package: booktabs 2020/01/12 v1.61803398 Publication quality tables
\heavyrulewidth=\dimen168
\lightrulewidth=\dimen169
\cmidrulewidth=\dimen170
\belowrulesep=\dimen171
\belowbottomsep=\dimen172
\aboverulesep=\dimen173
\abovetopsep=\dimen174
\cmidrulesep=\dimen175
\cmidrulekern=\dimen176
\defaultaddspace=\dimen177
\@cmidla=\count291
\@cmidlb=\count292
\@aboverulesep=\dimen178
\@belowrulesep=\dimen179
\@thisruleclass=\count293
\@lastruleclass=\count294
\@thisrulewidth=\dimen180
) (C:\Users\HTV3HC\AppData\Local\Programs\MiKTeX\tex/latex/framed\framed.sty
Package: framed 2011/10/22 v 0.96: framed or shaded text with page breaks
\OuterFrameSep=\skip70
\fb@frw=\dimen181
\fb@frh=\dimen182
\FrameRule=\dimen183
\FrameSep=\dimen184
)
(C:\Users\HTV3HC\AppData\Local\Programs\MiKTeX\tex/latex/fvextra\fvextra.sty
Package: fvextra 2022/11/30 v1.5 fvextra - extensions and patches for fancyvrb

(C:\Users\HTV3HC\AppData\Local\Programs\MiKTeX\tex/latex/fancyvrb\fancyvrb.sty
Package: fancyvrb 2023/01/19 4.5a verbatim text (tvz,hv)
\FV@CodeLineNo=\count295
\FV@InFile=\read2
\FV@TabBox=\box104
\c@FancyVerbLine=\count296
\FV@StepNumber=\count297
\FV@OutFile=\write3
) (C:\Users\HTV3HC\AppData\Local\Programs\MiKTeX\tex/latex/upquote\upquote.sty
Package: upquote 2012/04/19 v1.3 upright-quote and grave-accent glyphs in verba
tim
)
(C:\Users\HTV3HC\AppData\Local\Programs\MiKTeX\tex/latex/lineno\lineno.sty
Package: lineno 2023/05/20 line numbers on paragraphs v5.3
\linenopenalty=\count298
\output=\toks21
\linenoprevgraf=\count299
\linenumbersep=\dimen185
\linenumberwidth=\dimen186
\c@linenumber=\count300
\c@pagewiselinenumber=\count301
\c@LN@truepage=\count302
\c@internallinenumber=\count303
\c@internallinenumbers=\count304
\quotelinenumbersep=\dimen187
\bframerule=\dimen188
\bframesep=\dimen189
\bframebox=\box105
LaTeX Info: Redefining \\ on input line 3180.
)
\c@FV@TrueTabGroupLevel=\count305
\c@FV@TrueTabCounter=\count306
\FV@TabBox@Group=\box106
\FV@TmpLength=\skip71
\c@FV@HighlightLinesStart=\count307
\c@FV@HighlightLinesStop=\count308
\FV@LoopCount=\count309
\FV@NCharsBox=\box107
\FV@BreakIndent=\dimen190
\FV@BreakIndentNChars=\count310
\FV@BreakSymbolSepLeft=\dimen191
\FV@BreakSymbolSepLeftNChars=\count311
\FV@BreakSymbolSepRight=\dimen192
\FV@BreakSymbolSepRightNChars=\count312
\FV@BreakSymbolIndentLeft=\dimen193
\FV@BreakSymbolIndentLeftNChars=\count313
\FV@BreakSymbolIndentRight=\dimen194
\FV@BreakSymbolIndentRightNChars=\count314
\c@FancyVerbLineBreakLast=\count315
\FV@LineBox=\box108
\FV@LineIndentBox=\box109
\c@FV@BreakBufferDepth=\count316
\FV@LineWidth=\dimen195
)
(C:\Users\HTV3HC\AppData\Local\Programs\MiKTeX\tex/latex/psnfss\courier.sty
Package: courier 2020/03/25 PSNFSS-v9.3 (WaS) 
)
(C:\Users\HTV3HC\AppData\Local\Programs\MiKTeX\tex/latex/amsfonts\amssymb.sty
Package: amssymb 2013/01/14 v3.01 AMS font symbols

(C:\Users\HTV3HC\AppData\Local\Programs\MiKTeX\tex/latex/amsfonts\amsfonts.sty
Package: amsfonts 2013/01/14 v3.01 Basic AMSFonts support
\@emptytoks=\toks22
\symAMSa=\mathgroup4
\symAMSb=\mathgroup5
LaTeX Font Info:    Redeclaring math symbol \hbar on input line 98.
LaTeX Font Info:    Overwriting math alphabet `\mathfrak' in version `bold'
(Font)                  U/euf/m/n --> U/euf/b/n on input line 106.
)) (C:\Users\HTV3HC\AppData\Local\Programs\MiKTeX\tex/latex/xcolor\xcolor.sty
Package: xcolor 2022/06/12 v2.14 LaTeX color extensions (UK)

(C:\Users\HTV3HC\AppData\Local\Programs\MiKTeX\tex/latex/graphics-cfg\color.cfg
File: color.cfg 2016/01/02 v1.6 sample color configuration
)
Package xcolor Info: Driver file: pdftex.def on input line 227.
LaTeX Info: Redefining \color on input line 711.

(C:\Users\HTV3HC\AppData\Local\Programs\MiKTeX\tex/latex/graphics\mathcolor.ltx
)
Package xcolor Info: Model `cmy' substituted by `cmy0' on input line 1353.
Package xcolor Info: Model `hsb' substituted by `rgb' on input line 1357.
Package xcolor Info: Model `RGB' extended on input line 1369.
Package xcolor Info: Model `HTML' substituted by `rgb' on input line 1371.
Package xcolor Info: Model `Hsb' substituted by `hsb' on input line 1372.
Package xcolor Info: Model `tHsb' substituted by `hsb' on input line 1373.
Package xcolor Info: Model `HSB' substituted by `hsb' on input line 1374.
Package xcolor Info: Model `Gray' substituted by `gray' on input line 1375.
Package xcolor Info: Model `wave' substituted by `hsb' on input line 1376.

(C:\Users\HTV3HC\AppData\Local\Programs\MiKTeX\tex/latex/graphics\dvipsnam.def
File: dvipsnam.def 2016/06/17 v3.0m Driver-dependent file (DPC,SPQR)
)) (C:\Users\HTV3HC\AppData\Local\Programs\MiKTeX\tex/latex/efbox\efbox.sty
Package: efbox 2014/03/19 1.0 An enhanced fbox command.
Package: efbox 2014/03/19 v1.0 An enhanced fbox command

(C:\Users\HTV3HC\AppData\Local\Programs\MiKTeX\tex/latex/pgf/utilities\pgfkeys.
sty
(C:\Users\HTV3HC\AppData\Local\Programs\MiKTeX\tex/generic/pgf/utilities\pgfkey
s.code.tex
\pgfkeys@pathtoks=\toks23
\pgfkeys@temptoks=\toks24

(C:\Users\HTV3HC\AppData\Local\Programs\MiKTeX\tex/generic/pgf/utilities\pgfkey
slibraryfiltered.code.tex
\pgfkeys@tmptoks=\toks25
))))
(C:\Users\HTV3HC\AppData\Local\Programs\MiKTeX\tex/latex/grffile\grffile.sty
Package: grffile 2019/11/11 v2.1 Extended file name support for graphics (legac
y)
Package grffile Info: This package is an empty stub for compatibility on input 
line 40.
)
(C:\Users\HTV3HC\AppData\Local\Programs\MiKTeX\tex/latex/pdfpages\pdfpages.sty
Package: pdfpages 2022/12/19 v0.5x Insert pages of external PDF documents (AM)

(C:\Users\HTV3HC\AppData\Local\Programs\MiKTeX\tex/latex/base\ifthen.sty
Package: ifthen 2022/04/13 v1.1d Standard LaTeX ifthen package (DPC)
)
(C:\Users\HTV3HC\AppData\Local\Programs\MiKTeX\tex/latex/tools\calc.sty
Package: calc 2017/05/25 v4.3 Infix arithmetic (KKT,FJ)
\calc@Acount=\count317
\calc@Bcount=\count318
\calc@Adimen=\dimen196
\calc@Bdimen=\dimen197
\calc@Askip=\skip72
\calc@Bskip=\skip73
LaTeX Info: Redefining \setlength on input line 80.
LaTeX Info: Redefining \addtolength on input line 81.
\calc@Ccount=\count319
\calc@Cskip=\skip74
)
(C:\Users\HTV3HC\AppData\Local\Programs\MiKTeX\tex/latex/eso-pic\eso-pic.sty
Package: eso-pic 2023/05/03 v3.0c eso-pic (RN)
\ESO@tempdima=\dimen198
\ESO@tempdimb=\dimen199
)
\AM@pagewidth=\dimen256
\AM@pageheight=\dimen257
\AM@fboxrule=\dimen258

(C:\Users\HTV3HC\AppData\Local\Programs\MiKTeX\tex/latex/pdfpages\pppdftex.def
File: pppdftex.def 2022/12/19 v0.5x Pdfpages driver for pdfTeX (AM)
)
\pdfpages@includegraphics@status=\count320
\AM@pagebox=\box110
\AM@global@opts=\toks26
\AM@pagecnt=\count321
\AM@toc@title=\toks27
\AM@lof@heading=\toks28
\c@AM@survey=\count322
\AM@templatesizebox=\box111
) (styles/admonitions.sty
(C:\Users\HTV3HC\AppData\Local\Programs\MiKTeX\tex/latex/tcolorbox\tcolorbox.st
y
Package: tcolorbox 2023/06/19 version 6.0.4 text color boxes

(C:\Users\HTV3HC\AppData\Local\Programs\MiKTeX\tex/latex/pgf/basiclayer\pgf.sty

(C:\Users\HTV3HC\AppData\Local\Programs\MiKTeX\tex/latex/pgf/utilities\pgfrcs.s
ty
(C:\Users\HTV3HC\AppData\Local\Programs\MiKTeX\tex/generic/pgf/utilities\pgfuti
l-common.tex
\pgfutil@everybye=\toks29
\pgfutil@tempdima=\dimen259
\pgfutil@tempdimb=\dimen260
)
(C:\Users\HTV3HC\AppData\Local\Programs\MiKTeX\tex/generic/pgf/utilities\pgfuti
l-latex.def
\pgfutil@abb=\box112
)
(C:\Users\HTV3HC\AppData\Local\Programs\MiKTeX\tex/generic/pgf/utilities\pgfrcs
.code.tex
(C:\Users\HTV3HC\AppData\Local\Programs\MiKTeX\tex/generic/pgf\pgf.revision.tex
)
Package: pgfrcs 2023-01-15 v3.1.10 (3.1.10)
))
Package: pgf 2023-01-15 v3.1.10 (3.1.10)

(C:\Users\HTV3HC\AppData\Local\Programs\MiKTeX\tex/latex/pgf/basiclayer\pgfcore
.sty
(C:\Users\HTV3HC\AppData\Local\Programs\MiKTeX\tex/latex/pgf/systemlayer\pgfsys
.sty
(C:\Users\HTV3HC\AppData\Local\Programs\MiKTeX\tex/generic/pgf/systemlayer\pgfs
ys.code.tex
Package: pgfsys 2023-01-15 v3.1.10 (3.1.10)
\pgf@x=\dimen261
\pgf@y=\dimen262
\pgf@xa=\dimen263
\pgf@ya=\dimen264
\pgf@xb=\dimen265
\pgf@yb=\dimen266
\pgf@xc=\dimen267
\pgf@yc=\dimen268
\pgf@xd=\dimen269
\pgf@yd=\dimen270
\w@pgf@writea=\write4
\r@pgf@reada=\read3
\c@pgf@counta=\count323
\c@pgf@countb=\count324
\c@pgf@countc=\count325
\c@pgf@countd=\count326
\t@pgf@toka=\toks30
\t@pgf@tokb=\toks31
\t@pgf@tokc=\toks32
\pgf@sys@id@count=\count327

(C:\Users\HTV3HC\AppData\Local\Programs\MiKTeX\tex/generic/pgf/systemlayer\pgf.
cfg
File: pgf.cfg 2023-01-15 v3.1.10 (3.1.10)
)
Driver file for pgf: pgfsys-pdftex.def

(C:\Users\HTV3HC\AppData\Local\Programs\MiKTeX\tex/generic/pgf/systemlayer\pgfs
ys-pdftex.def
File: pgfsys-pdftex.def 2023-01-15 v3.1.10 (3.1.10)

(C:\Users\HTV3HC\AppData\Local\Programs\MiKTeX\tex/generic/pgf/systemlayer\pgfs
ys-common-pdf.def
File: pgfsys-common-pdf.def 2023-01-15 v3.1.10 (3.1.10)
)))
(C:\Users\HTV3HC\AppData\Local\Programs\MiKTeX\tex/generic/pgf/systemlayer\pgfs
yssoftpath.code.tex
File: pgfsyssoftpath.code.tex 2023-01-15 v3.1.10 (3.1.10)
\pgfsyssoftpath@smallbuffer@items=\count328
\pgfsyssoftpath@bigbuffer@items=\count329
)
(C:\Users\HTV3HC\AppData\Local\Programs\MiKTeX\tex/generic/pgf/systemlayer\pgfs
ysprotocol.code.tex
File: pgfsysprotocol.code.tex 2023-01-15 v3.1.10 (3.1.10)
))
(C:\Users\HTV3HC\AppData\Local\Programs\MiKTeX\tex/generic/pgf/basiclayer\pgfco
re.code.tex
Package: pgfcore 2023-01-15 v3.1.10 (3.1.10)

(C:\Users\HTV3HC\AppData\Local\Programs\MiKTeX\tex/generic/pgf/math\pgfmath.cod
e.tex
(C:\Users\HTV3HC\AppData\Local\Programs\MiKTeX\tex/generic/pgf/math\pgfmathutil
.code.tex)
(C:\Users\HTV3HC\AppData\Local\Programs\MiKTeX\tex/generic/pgf/math\pgfmathpars
er.code.tex
\pgfmath@dimen=\dimen271
\pgfmath@count=\count330
\pgfmath@box=\box113
\pgfmath@toks=\toks33
\pgfmath@stack@operand=\toks34
\pgfmath@stack@operation=\toks35
)
(C:\Users\HTV3HC\AppData\Local\Programs\MiKTeX\tex/generic/pgf/math\pgfmathfunc
tions.code.tex)
(C:\Users\HTV3HC\AppData\Local\Programs\MiKTeX\tex/generic/pgf/math\pgfmathfunc
tions.basic.code.tex)
(C:\Users\HTV3HC\AppData\Local\Programs\MiKTeX\tex/generic/pgf/math\pgfmathfunc
tions.trigonometric.code.tex)
(C:\Users\HTV3HC\AppData\Local\Programs\MiKTeX\tex/generic/pgf/math\pgfmathfunc
tions.random.code.tex)
(C:\Users\HTV3HC\AppData\Local\Programs\MiKTeX\tex/generic/pgf/math\pgfmathfunc
tions.comparison.code.tex)
(C:\Users\HTV3HC\AppData\Local\Programs\MiKTeX\tex/generic/pgf/math\pgfmathfunc
tions.base.code.tex)
(C:\Users\HTV3HC\AppData\Local\Programs\MiKTeX\tex/generic/pgf/math\pgfmathfunc
tions.round.code.tex)
(C:\Users\HTV3HC\AppData\Local\Programs\MiKTeX\tex/generic/pgf/math\pgfmathfunc
tions.misc.code.tex)
(C:\Users\HTV3HC\AppData\Local\Programs\MiKTeX\tex/generic/pgf/math\pgfmathfunc
tions.integerarithmetics.code.tex)
(C:\Users\HTV3HC\AppData\Local\Programs\MiKTeX\tex/generic/pgf/math\pgfmathcalc
.code.tex)
(C:\Users\HTV3HC\AppData\Local\Programs\MiKTeX\tex/generic/pgf/math\pgfmathfloa
t.code.tex
\c@pgfmathroundto@lastzeros=\count331
))
(C:\Users\HTV3HC\AppData\Local\Programs\MiKTeX\tex/generic/pgf/math\pgfint.code
.tex)
(C:\Users\HTV3HC\AppData\Local\Programs\MiKTeX\tex/generic/pgf/basiclayer\pgfco
repoints.code.tex
File: pgfcorepoints.code.tex 2023-01-15 v3.1.10 (3.1.10)
\pgf@picminx=\dimen272
\pgf@picmaxx=\dimen273
\pgf@picminy=\dimen274
\pgf@picmaxy=\dimen275
\pgf@pathminx=\dimen276
\pgf@pathmaxx=\dimen277
\pgf@pathminy=\dimen278
\pgf@pathmaxy=\dimen279
\pgf@xx=\dimen280
\pgf@xy=\dimen281
\pgf@yx=\dimen282
\pgf@yy=\dimen283
\pgf@zx=\dimen284
\pgf@zy=\dimen285
)
(C:\Users\HTV3HC\AppData\Local\Programs\MiKTeX\tex/generic/pgf/basiclayer\pgfco
repathconstruct.code.tex
File: pgfcorepathconstruct.code.tex 2023-01-15 v3.1.10 (3.1.10)
\pgf@path@lastx=\dimen286
\pgf@path@lasty=\dimen287
)
(C:\Users\HTV3HC\AppData\Local\Programs\MiKTeX\tex/generic/pgf/basiclayer\pgfco
repathusage.code.tex
File: pgfcorepathusage.code.tex 2023-01-15 v3.1.10 (3.1.10)
\pgf@shorten@end@additional=\dimen288
\pgf@shorten@start@additional=\dimen289
)
(C:\Users\HTV3HC\AppData\Local\Programs\MiKTeX\tex/generic/pgf/basiclayer\pgfco
rescopes.code.tex
File: pgfcorescopes.code.tex 2023-01-15 v3.1.10 (3.1.10)
\pgfpic=\box114
\pgf@hbox=\box115
\pgf@layerbox@main=\box116
\pgf@picture@serial@count=\count332
)
(C:\Users\HTV3HC\AppData\Local\Programs\MiKTeX\tex/generic/pgf/basiclayer\pgfco
regraphicstate.code.tex
File: pgfcoregraphicstate.code.tex 2023-01-15 v3.1.10 (3.1.10)
\pgflinewidth=\dimen290
)
(C:\Users\HTV3HC\AppData\Local\Programs\MiKTeX\tex/generic/pgf/basiclayer\pgfco
retransformations.code.tex
File: pgfcoretransformations.code.tex 2023-01-15 v3.1.10 (3.1.10)
\pgf@pt@x=\dimen291
\pgf@pt@y=\dimen292
\pgf@pt@temp=\dimen293
)
(C:\Users\HTV3HC\AppData\Local\Programs\MiKTeX\tex/generic/pgf/basiclayer\pgfco
requick.code.tex
File: pgfcorequick.code.tex 2023-01-15 v3.1.10 (3.1.10)
)
(C:\Users\HTV3HC\AppData\Local\Programs\MiKTeX\tex/generic/pgf/basiclayer\pgfco
reobjects.code.tex
File: pgfcoreobjects.code.tex 2023-01-15 v3.1.10 (3.1.10)
)
(C:\Users\HTV3HC\AppData\Local\Programs\MiKTeX\tex/generic/pgf/basiclayer\pgfco
repathprocessing.code.tex
File: pgfcorepathprocessing.code.tex 2023-01-15 v3.1.10 (3.1.10)
)
(C:\Users\HTV3HC\AppData\Local\Programs\MiKTeX\tex/generic/pgf/basiclayer\pgfco
rearrows.code.tex
File: pgfcorearrows.code.tex 2023-01-15 v3.1.10 (3.1.10)
\pgfarrowsep=\dimen294
)
(C:\Users\HTV3HC\AppData\Local\Programs\MiKTeX\tex/generic/pgf/basiclayer\pgfco
reshade.code.tex
File: pgfcoreshade.code.tex 2023-01-15 v3.1.10 (3.1.10)
\pgf@max=\dimen295
\pgf@sys@shading@range@num=\count333
\pgf@shadingcount=\count334
)
(C:\Users\HTV3HC\AppData\Local\Programs\MiKTeX\tex/generic/pgf/basiclayer\pgfco
reimage.code.tex
File: pgfcoreimage.code.tex 2023-01-15 v3.1.10 (3.1.10)
)
(C:\Users\HTV3HC\AppData\Local\Programs\MiKTeX\tex/generic/pgf/basiclayer\pgfco
reexternal.code.tex
File: pgfcoreexternal.code.tex 2023-01-15 v3.1.10 (3.1.10)
\pgfexternal@startupbox=\box117
)
(C:\Users\HTV3HC\AppData\Local\Programs\MiKTeX\tex/generic/pgf/basiclayer\pgfco
relayers.code.tex
File: pgfcorelayers.code.tex 2023-01-15 v3.1.10 (3.1.10)
)
(C:\Users\HTV3HC\AppData\Local\Programs\MiKTeX\tex/generic/pgf/basiclayer\pgfco
retransparency.code.tex
File: pgfcoretransparency.code.tex 2023-01-15 v3.1.10 (3.1.10)
)
(C:\Users\HTV3HC\AppData\Local\Programs\MiKTeX\tex/generic/pgf/basiclayer\pgfco
repatterns.code.tex
File: pgfcorepatterns.code.tex 2023-01-15 v3.1.10 (3.1.10)
)
(C:\Users\HTV3HC\AppData\Local\Programs\MiKTeX\tex/generic/pgf/basiclayer\pgfco
rerdf.code.tex
File: pgfcorerdf.code.tex 2023-01-15 v3.1.10 (3.1.10)
)))
(C:\Users\HTV3HC\AppData\Local\Programs\MiKTeX\tex/generic/pgf/modules\pgfmodul
eshapes.code.tex
File: pgfmoduleshapes.code.tex 2023-01-15 v3.1.10 (3.1.10)
\pgfnodeparttextbox=\box118
)
(C:\Users\HTV3HC\AppData\Local\Programs\MiKTeX\tex/generic/pgf/modules\pgfmodul
eplot.code.tex
File: pgfmoduleplot.code.tex 2023-01-15 v3.1.10 (3.1.10)
)
(C:\Users\HTV3HC\AppData\Local\Programs\MiKTeX\tex/latex/pgf/compatibility\pgfc
omp-version-0-65.sty
Package: pgfcomp-version-0-65 2023-01-15 v3.1.10 (3.1.10)
\pgf@nodesepstart=\dimen296
\pgf@nodesepend=\dimen297
)
(C:\Users\HTV3HC\AppData\Local\Programs\MiKTeX\tex/latex/pgf/compatibility\pgfc
omp-version-1-18.sty
Package: pgfcomp-version-1-18 2023-01-15 v3.1.10 (3.1.10)
))
(C:\Users\HTV3HC\AppData\Local\Programs\MiKTeX\tex/latex/tools\verbatim.sty
Package: verbatim 2022-07-02 v1.5u LaTeX2e package for verbatim enhancements
\every@verbatim=\toks36
\verbatim@line=\toks37
\verbatim@in@stream=\read4
)
(C:\Users\HTV3HC\AppData\Local\Programs\MiKTeX\tex/latex/environ\environ.sty
Package: environ 2014/05/04 v0.3 A new way to define environments

(C:\Users\HTV3HC\AppData\Local\Programs\MiKTeX\tex/latex/trimspaces\trimspaces.
sty
Package: trimspaces 2009/09/17 v1.1 Trim spaces around a token list
)
\@envbody=\toks38
)
\tcb@titlebox=\box119
\tcb@upperbox=\box120
\tcb@lowerbox=\box121
\tcb@phantombox=\box122
\c@tcbbreakpart=\count335
\c@tcblayer=\count336
\c@tcolorbox@number=\count337
\tcb@temp=\box123
\tcb@temp=\box124
\tcb@temp=\box125
\tcb@temp=\box126

(C:\Users\HTV3HC\AppData\Local\Programs\MiKTeX\tex/latex/tcolorbox\tcbbreakable
.code.tex
Library (tcolorbox): 'tcbbreakable.code.tex' version '6.0.4'
(C:\Users\HTV3HC\AppData\Local\Programs\MiKTeX\tex/latex/pdfcol\pdfcol.sty
Package: pdfcol 2022-09-21 v1.7 Handle new color stacks for pdfTeX (HO)
)
Package pdfcol Info: New color stack `tcb@breakable' = 1 on input line 23.
\tcb@testbox=\box127
\tcb@totalupperbox=\box128
\tcb@totallowerbox=\box129
)
(C:\Users\HTV3HC\AppData\Local\Programs\MiKTeX\tex/latex/tcolorbox\tcbskins.cod
e.tex
Library (tcolorbox): 'tcbskins.code.tex' version '6.0.4'

(C:\Users\HTV3HC\AppData\Local\Programs\MiKTeX\tex/latex/pgf/frontendlayer\tikz
.sty
(C:\Users\HTV3HC\AppData\Local\Programs\MiKTeX\tex/latex/pgf/utilities\pgffor.s
ty
(C:\Users\HTV3HC\AppData\Local\Programs\MiKTeX\tex/latex/pgf/math\pgfmath.sty
(C:\Users\HTV3HC\AppData\Local\Programs\MiKTeX\tex/generic/pgf/math\pgfmath.cod
e.tex))
(C:\Users\HTV3HC\AppData\Local\Programs\MiKTeX\tex/generic/pgf/utilities\pgffor
.code.tex
Package: pgffor 2023-01-15 v3.1.10 (3.1.10)
\pgffor@iter=\dimen298
\pgffor@skip=\dimen299
\pgffor@stack=\toks39
\pgffor@toks=\toks40
))
(C:\Users\HTV3HC\AppData\Local\Programs\MiKTeX\tex/generic/pgf/frontendlayer/ti
kz\tikz.code.tex
Package: tikz 2023-01-15 v3.1.10 (3.1.10)

(C:\Users\HTV3HC\AppData\Local\Programs\MiKTeX\tex/generic/pgf/libraries\pgflib
raryplothandlers.code.tex
File: pgflibraryplothandlers.code.tex 2023-01-15 v3.1.10 (3.1.10)
\pgf@plot@mark@count=\count338
\pgfplotmarksize=\dimen300
)
\tikz@lastx=\dimen301
\tikz@lasty=\dimen302
\tikz@lastxsaved=\dimen303
\tikz@lastysaved=\dimen304
\tikz@lastmovetox=\dimen305
\tikz@lastmovetoy=\dimen306
\tikzleveldistance=\dimen307
\tikzsiblingdistance=\dimen308
\tikz@figbox=\box130
\tikz@figbox@bg=\box131
\tikz@tempbox=\box132
\tikz@tempbox@bg=\box133
\tikztreelevel=\count339
\tikznumberofchildren=\count340
\tikznumberofcurrentchild=\count341
\tikz@fig@count=\count342

(C:\Users\HTV3HC\AppData\Local\Programs\MiKTeX\tex/generic/pgf/modules\pgfmodul
ematrix.code.tex
File: pgfmodulematrix.code.tex 2023-01-15 v3.1.10 (3.1.10)
\pgfmatrixcurrentrow=\count343
\pgfmatrixcurrentcolumn=\count344
\pgf@matrix@numberofcolumns=\count345
)
\tikz@expandcount=\count346

(C:\Users\HTV3HC\AppData\Local\Programs\MiKTeX\tex/generic/pgf/frontendlayer/ti
kz/libraries\tikzlibrarytopaths.code.tex
File: tikzlibrarytopaths.code.tex 2023-01-15 v3.1.10 (3.1.10)
)))
(C:\Users\HTV3HC\AppData\Local\Programs\MiKTeX\tex/latex/tikzfill\tikzfill.imag
e.sty
Package: tikzfill.image 2022/07/20 v1.0.0 Image filling library for TikZ

(C:\Users\HTV3HC\AppData\Local\Programs\MiKTeX\tex/latex/tikzfill\tikzfill-comm
on.sty
Package: tikzfill-common 2022/07/20 v1.0.0 Auxiliary code for tikzfill
)
(C:\Users\HTV3HC\AppData\Local\Programs\MiKTeX\tex/latex/tikzfill\tikzlibraryfi
ll.image.code.tex
File: tikzlibraryfill.image.code.tex 2022/07/20 v1.0.0 Image filling library
\l__tikzfill_img_box=\box134
))
(C:\Users\HTV3HC\AppData\Local\Programs\MiKTeX\tex/latex/tcolorbox\tcbskinsjigs
aw.code.tex
Library (tcolorbox): 'tcbskinsjigsaw.code.tex' version '6.0.4'
)))
(C:\Users\HTV3HC\AppData\Local\Programs\MiKTeX\tex/latex/wasysym\wasysym.sty
Package: wasysym 2020/01/19 v2.4 Wasy-2 symbol support package
\symwasy=\mathgroup6
LaTeX Font Info:    Overwriting symbol font `wasy' in version `bold'
(Font)                  U/wasy/m/n --> U/wasy/b/n on input line 93.
))
(styles/pandoc.sty) (styles/robotframeworkaio.sty
(C:\Users\HTV3HC\AppData\Local\Programs\MiKTeX\tex/latex/listings\listings.sty
\lst@mode=\count347
\lst@gtempboxa=\box135
\lst@token=\toks41
\lst@length=\count348
\lst@currlwidth=\dimen309
\lst@column=\count349
\lst@pos=\count350
\lst@lostspace=\dimen310
\lst@width=\dimen311
\lst@newlines=\count351
\lst@lineno=\count352
\lst@maxwidth=\dimen312

(C:\Users\HTV3HC\AppData\Local\Programs\MiKTeX\tex/latex/listings\lstmisc.sty
File: lstmisc.sty 2023/02/27 1.9 (Carsten Heinz)
\c@lstnumber=\count353
\lst@skipnumbers=\count354
\lst@framebox=\box136
)
(C:\Users\HTV3HC\AppData\Local\Programs\MiKTeX\tex/latex/listings\listings.cfg
File: listings.cfg 2023/02/27 1.9 listings configuration
))
Package: listings 2023/02/27 1.9 (Carsten Heinz)
 (C:\Users\HTV3HC\AppData\Local\Programs\MiKTeX\tex/latex/l3kernel\expl3.sty
Package: expl3 2023-06-30 L3 programming layer (loader) 

(C:\Users\HTV3HC\AppData\Local\Programs\MiKTeX\tex/latex/l3backend\l3backend-pd
ftex.def
File: l3backend-pdftex.def 2023-04-19 L3 backend support: PDF output (pdfTeX)
\l__color_backend_stack_int=\count355
\l__pdf_internal_box=\box137
))
(C:\Users\HTV3HC\AppData\Local\Programs\MiKTeX\tex/latex/l3packages/xparse\xpar
se.sty
Package: xparse 2023-02-02 L3 Experimental document command parser
)
(C:\Users\HTV3HC\AppData\Local\Programs\MiKTeX\tex/latex/lstaddons\lstlinebgrd.
sty
Package: lstlinebgrd 2012/05/03 v0.1 Provides 'listings' options to color the b
ackground of lines
)
(C:\Users\HTV3HC\AppData\Local\Programs\MiKTeX\tex/generic/pgf/frontendlayer/ti
kz/libraries\tikzlibraryshapes.geometric.code.tex
File: tikzlibraryshapes.geometric.code.tex 2023-01-15 v3.1.10 (3.1.10)

(C:\Users\HTV3HC\AppData\Local\Programs\MiKTeX\tex/generic/pgf/libraries/shapes
\pgflibraryshapes.geometric.code.tex
File: pgflibraryshapes.geometric.code.tex 2023-01-15 v3.1.10 (3.1.10)
))
(C:\Users\HTV3HC\AppData\Local\Programs\MiKTeX\tex/generic/pgf/frontendlayer/ti
kz/libraries\tikzlibraryarrows.code.tex
File: tikzlibraryarrows.code.tex 2023-01-15 v3.1.10 (3.1.10)

(C:\Users\HTV3HC\AppData\Local\Programs\MiKTeX\tex/generic/pgf/libraries\pgflib
raryarrows.code.tex
File: pgflibraryarrows.code.tex 2023-01-15 v3.1.10 (3.1.10)
\arrowsize=\dimen313
))) (styles/common.sty)) (BundleVersionDate.tex)
(C:\Users\HTV3HC\AppData\Local\Programs\MiKTeX\tex/latex/base\textcomp.sty
Package: textcomp 2020/02/02 v2.0n Standard LaTeX package
)
(DeviceAutomationService.aux (include/introduction.aux)
(include/installation.aux) (include/components.aux) (include/fw_environment.aux
) (include/code_analysis.aux) (include/logging.aux))
\openout1 = `DeviceAutomationService.aux'.

LaTeX Font Info:    Checking defaults for OML/cmm/m/it on input line 46.
LaTeX Font Info:    ... okay on input line 46.
LaTeX Font Info:    Checking defaults for OMS/cmsy/m/n on input line 46.
LaTeX Font Info:    ... okay on input line 46.
LaTeX Font Info:    Checking defaults for OT1/cmr/m/n on input line 46.
LaTeX Font Info:    ... okay on input line 46.
LaTeX Font Info:    Checking defaults for T1/cmr/m/n on input line 46.
LaTeX Font Info:    ... okay on input line 46.
LaTeX Font Info:    Checking defaults for TS1/cmr/m/n on input line 46.
LaTeX Font Info:    ... okay on input line 46.
LaTeX Font Info:    Checking defaults for OMX/cmex/m/n on input line 46.
LaTeX Font Info:    ... okay on input line 46.
LaTeX Font Info:    Checking defaults for U/cmr/m/n on input line 46.
LaTeX Font Info:    ... okay on input line 46.
LaTeX Font Info:    Checking defaults for PD1/pdf/m/n on input line 46.
LaTeX Font Info:    ... okay on input line 46.
LaTeX Font Info:    Checking defaults for PU/pdf/m/n on input line 46.
LaTeX Font Info:    ... okay on input line 46.

*geometry* driver: auto-detecting
*geometry* detected driver: pdftex
*geometry* verbose mode - [ preamble ] result:
* driver: pdftex
* paper: a4paper
* layout: <same size as paper>
* layoutoffset:(h,v)=(0.0pt,0.0pt)
* modes: 
* h-part:(L,W,R)=(43.75394pt, 510.0pt, 43.75394pt)
* v-part:(T,H,B)=(38.01874pt, 750.0pt, 57.0281pt)
* \paperwidth=597.50787pt
* \paperheight=845.04684pt
* \textwidth=510.0pt
* \textheight=750.0pt
* \oddsidemargin=-28.51605pt
* \evensidemargin=-28.51605pt
* \topmargin=-71.25125pt
* \headheight=12.0pt
* \headsep=25.0pt
* \topskip=10.0pt
* \footskip=30.0pt
* \marginparwidth=57.0pt
* \marginparsep=11.0pt
* \columnsep=10.0pt
* \skip\footins=9.0pt plus 4.0pt minus 2.0pt
* \hoffset=0.0pt
* \voffset=0.0pt
* \mag=1000
* \@twocolumnfalse
* \@twosidefalse
* \@mparswitchfalse
* \@reversemarginfalse
* (1in=72.27pt=25.4mm, 1cm=28.453pt)


(C:\Users\HTV3HC\AppData\Local\Programs\MiKTeX\tex/context/base/mkii\supp-pdf.m
kii
[Loading MPS to PDF converter (version 2006.09.02).]
\scratchcounter=\count356
\scratchdimen=\dimen314
\scratchbox=\box138
\nofMPsegments=\count357
\nofMParguments=\count358
\everyMPshowfont=\toks42
\MPscratchCnt=\count359
\MPscratchDim=\dimen315
\MPnumerator=\count360
\makeMPintoPDFobject=\count361
\everyMPtoPDFconversion=\toks43
)
(C:\Users\HTV3HC\AppData\Local\Programs\MiKTeX\tex/latex/epstopdf-pkg\epstopdf-
base.sty
Package: epstopdf-base 2020-01-24 v2.11 Base part for package epstopdf
Package epstopdf-base Info: Redefining graphics rule for `.eps' on input line 4
85.

(C:\Users\HTV3HC\AppData\Local\Programs\MiKTeX\tex/latex/00miktex\epstopdf-sys.
cfg
File: epstopdf-sys.cfg 2021/03/18 v2.0 Configuration of epstopdf for MiKTeX
))
Package hyperref Info: Link coloring ON on input line 46.
 (DeviceAutomationService.out) (DeviceAutomationService.out)
\@outlinefile=\write5
\openout5 = `DeviceAutomationService.out'.


(C:\Users\HTV3HC\AppData\Local\Programs\MiKTeX\tex/latex/pdflscape\pdflscape.st
y
Package: pdflscape 2022-10-27 v0.13 Display of landscape pages in PDF

(C:\Users\HTV3HC\AppData\Local\Programs\MiKTeX\tex/latex/pdflscape\pdflscape-no
metadata.sty
Package: pdflscape-nometadata 2022-10-28 v0.13 Display of landscape pages in PD
F (HO)

(C:\Users\HTV3HC\AppData\Local\Programs\MiKTeX\tex/latex/graphics\lscape.sty
Package: lscape 2020/05/28 v3.02 Landscape Pages (DPC)
)
Package pdflscape Info: Auto-detected driver: pdftex on input line 81.
))
\c@lstlisting=\count362
Package hyperref Info: Option `pageanchor' set `false' on input line 48.
LaTeX Font Info:    Trying to load font information for U+msa on input line 51.

(C:\Users\HTV3HC\AppData\Local\Programs\MiKTeX\tex/latex/amsfonts\umsa.fd
File: umsa.fd 2013/01/14 v3.01 AMS symbols A
)
LaTeX Font Info:    Trying to load font information for U+msb on input line 51.


(C:\Users\HTV3HC\AppData\Local\Programs\MiKTeX\tex/latex/amsfonts\umsb.fd
File: umsb.fd 2013/01/14 v3.01 AMS symbols B
)
LaTeX Font Info:    Trying to load font information for U+wasy on input line 51
.

(C:\Users\HTV3HC\AppData\Local\Programs\MiKTeX\tex/latex/wasysym\uwasy.fd
File: uwasy.fd 2020/01/19 v2.4 Wasy-2 symbol font definitions
)
[1

{C:/Users/HTV3HC/AppData/Local/MiKTeX/fonts/map/pdftex/pdftex.map}]
(DeviceAutomationService.toc)
\tf@toc=\write6
\openout6 = `DeviceAutomationService.toc'.

 [1


]
Package hyperref Info: Option `pageanchor' set `true' on input line 59.
\openout2 = `./include/introduction.aux'.

 (include/introduction.tex
Chapter 1.
) [1



]
\openout2 = `./include/installation.aux'.

 (include/installation.tex
Chapter 2.
LaTeX Font Info:    Trying to load font information for OT1+pcr on input line 2
2.
(C:\Users\HTV3HC\AppData\Local\Programs\MiKTeX\tex/latex/psnfss\ot1pcr.fd
File: ot1pcr.fd 2001/06/04 font definitions for OT1/pcr.
)
<./include/graphics/installation/Icon_Win10.png, id=91, 118.94438pt x 95.6072pt
>
File: ./include/graphics/installation/Icon_Win10.png Graphic file (type png)
<use ./include/graphics/installation/Icon_Win10.png>
Package pdftex.def Info: ./include/graphics/installation/Icon_Win10.png  used o
n input line 43.
(pdftex.def)             Requested size: 83.26048pt x 66.92456pt.
<./include/graphics/installation/Icon_Linux.png, id=93, 102.3825pt x 93.34875pt
>
File: ./include/graphics/installation/Icon_Linux.png Graphic file (type png)
<use ./include/graphics/installation/Icon_Linux.png>
Package pdftex.def Info: ./include/graphics/installation/Icon_Linux.png  used o
n input line 48.
(pdftex.def)             Requested size: 71.66725pt x 65.34366pt.

[2




{C:/Users/HTV3HC/AppData/Local/Programs/MiKTeX/fonts/enc/dvips/base/8r.enc} <./
include/graphics/installation/Icon_Win10.png> <./include/graphics/installation/
Icon_Linux.png>]
<./include/graphics/installation/MainWindow.png, id=105, 539.01375pt x 386.1928
1pt>
File: ./include/graphics/installation/MainWindow.png Graphic file (type png)
<use ./include/graphics/installation/MainWindow.png>
Package pdftex.def Info: ./include/graphics/installation/MainWindow.png  used o
n input line 57.
(pdftex.def)             Requested size: 431.21158pt x 308.95465pt.
 [3 <./include/graphics/installation/MainWindow.png>]
<./include/graphics/installation/RunButton.png, id=111, 587.19376pt x 436.63126
pt>
File: ./include/graphics/installation/RunButton.png Graphic file (type png)
<use ./include/graphics/installation/RunButton.png>
Package pdftex.def Info: ./include/graphics/installation/RunButton.png  used on
 input line 73.
(pdftex.def)             Requested size: 411.03282pt x 305.63979pt.
<./include/graphics/installation/TestResults.png, id=112, 660.96938pt x 425.339
07pt>
File: ./include/graphics/installation/TestResults.png Graphic file (type png)
<use ./include/graphics/installation/TestResults.png>
Package pdftex.def Info: ./include/graphics/installation/TestResults.png  used 
on input line 77.
(pdftex.def)             Requested size: 462.6754pt x 297.7353pt.
)
[4 <./include/graphics/installation/RunButton.png> <./include/graphics/installa
tion/TestResults.png>]
\openout2 = `./include/components.aux'.

 (include/components.tex
Chapter 3.

Underfull \hbox (badness 1275) in paragraph at lines 39--41
[]\OT1/cmr/m/n/10 The \OT1/cmr/bx/n/10 Json-Pre-pro-ces-sor \OT1/cmr/m/n/10 pro
-vides ad-di-tional fea-tures in JSON files. These fea-tures ex-tend the stan-d
ard
 []


Underfull \hbox (badness 1231) in paragraph at lines 39--41
\OT1/cmr/m/n/10 JSON for-mat and make it eas-ier to use JSON files for e.g. con
-fig-ur-ing tests (see also \OT1/cmr/bx/n/10 Robot-Frame-
 []

[5




] [6]) [7]
\openout2 = `./include/fw_environment.aux'.

 (include/fw_environment.tex
Chapter 4.
[8




]) [9]
\openout2 = `./include/code_analysis.aux'.

 (include/code_analysis.tex
Chapter 5.
<./include/graphics/code_analysis/Overview.png, id=153, 358.84062pt x 241.40187
pt>
File: ./include/graphics/code_analysis/Overview.png Graphic file (type png)
<use ./include/graphics/code_analysis/Overview.png>
Package pdftex.def Info: ./include/graphics/code_analysis/Overview.png  used on
 input line 27.
(pdftex.def)             Requested size: 358.83974pt x 241.40128pt.
[10




 <./include/graphics/code_analysis/Overview.png>]) [11]
\openout2 = `./include/logging.aux'.

 (include/logging.tex
Chapter 6.
<./include/graphics/logging/LogLevelTable.png, id=184, 608.2725pt x 200.75pt>
File: ./include/graphics/logging/LogLevelTable.png Graphic file (type png)
<use ./include/graphics/logging/LogLevelTable.png>
Package pdftex.def Info: ./include/graphics/logging/LogLevelTable.png  used on 
input line 52.
(pdftex.def)             Requested size: 425.78786pt x 140.52403pt.
) [12




 <./include/graphics/logging/LogLevelTable.png>]
(externaldocs/library_doc_overview.tex
Chapter 7.
) (externaldocs/library_doc_imports.tex
<./externaldocs/python-microservice-base/MicroserviceBase.pdf, id=194, 597.5082
9pt x 845.0471pt>
File: ./externaldocs/python-microservice-base/MicroserviceBase.pdf Graphic file
 (type pdf)
<use ./externaldocs/python-microservice-base/MicroserviceBase.pdf>
Package pdftex.def Info: ./externaldocs/python-microservice-base/MicroserviceBa
se.pdf  used on input line 9.
(pdftex.def)             Requested size: 597.50682pt x 845.04504pt.
File: ./externaldocs/python-microservice-base/MicroserviceBase.pdf Graphic file
 (type pdf)
<use ./externaldocs/python-microservice-base/MicroserviceBase.pdf>
Package pdftex.def Info: ./externaldocs/python-microservice-base/MicroserviceBa
se.pdf  used on input line 9.
(pdftex.def)             Requested size: 597.50682pt x 845.04504pt.
<./externaldocs/python-microservice-base/MicroserviceBase.pdf, id=197, page=1, 
597.50829pt x 845.0471pt>
File: ./externaldocs/python-microservice-base/MicroserviceBase.pdf Graphic file
 (type pdf)
<use ./externaldocs/python-microservice-base/MicroserviceBase.pdf, page 1>
Package pdftex.def Info: ./externaldocs/python-microservice-base/MicroserviceBa
se.pdf , page1 used on input line 9.
(pdftex.def)             Requested size: 597.50682pt x 845.04504pt.
File: ./externaldocs/python-microservice-base/MicroserviceBase.pdf Graphic file
 (type pdf)
<use ./externaldocs/python-microservice-base/MicroserviceBase.pdf, page 1>
Package pdftex.def Info: ./externaldocs/python-microservice-base/MicroserviceBa
se.pdf , page1 used on input line 9.
(pdftex.def)             Requested size: 597.53416pt x 845.08372pt.
 [13



]
File: ./externaldocs/python-microservice-base/MicroserviceBase.pdf Graphic file
 (type pdf)
<use ./externaldocs/python-microservice-base/MicroserviceBase.pdf, page 1>
Package pdftex.def Info: ./externaldocs/python-microservice-base/MicroserviceBa
se.pdf , page1 used on input line 9.
(pdftex.def)             Requested size: 597.53416pt x 845.08372pt.
File: ./externaldocs/python-microservice-base/MicroserviceBase.pdf Graphic file
 (type pdf)
<use ./externaldocs/python-microservice-base/MicroserviceBase.pdf, page 1>
Package pdftex.def Info: ./externaldocs/python-microservice-base/MicroserviceBa
se.pdf , page1 used on input line 9.
(pdftex.def)             Requested size: 597.53416pt x 845.08372pt.
File: ./externaldocs/python-microservice-base/MicroserviceBase.pdf Graphic file
 (type pdf)
<use ./externaldocs/python-microservice-base/MicroserviceBase.pdf, page 1>
Package pdftex.def Info: ./externaldocs/python-microservice-base/MicroserviceBa
se.pdf , page1 used on input line 9.
(pdftex.def)             Requested size: 597.53416pt x 845.08372pt.
 [14 <./externaldocs/python-microservice-base/MicroserviceBase.pdf>]
File: ./externaldocs/python-microservice-base/MicroserviceBase.pdf Graphic file
 (type pdf)
<use ./externaldocs/python-microservice-base/MicroserviceBase.pdf>
Package pdftex.def Info: ./externaldocs/python-microservice-base/MicroserviceBa
se.pdf  used on input line 10.
(pdftex.def)             Requested size: 597.50682pt x 845.04504pt.
File: ./externaldocs/python-microservice-base/MicroserviceBase.pdf Graphic file
 (type pdf)
<use ./externaldocs/python-microservice-base/MicroserviceBase.pdf>
Package pdftex.def Info: ./externaldocs/python-microservice-base/MicroserviceBa
se.pdf  used on input line 10.
(pdftex.def)             Requested size: 597.50682pt x 845.04504pt.
<./externaldocs/python-microservice-base/MicroserviceBase.pdf, id=221, page=2, 
597.50829pt x 845.0471pt>
File: ./externaldocs/python-microservice-base/MicroserviceBase.pdf Graphic file
 (type pdf)
<use ./externaldocs/python-microservice-base/MicroserviceBase.pdf, page 2>
Package pdftex.def Info: ./externaldocs/python-microservice-base/MicroserviceBa
se.pdf , page2 used on input line 10.
(pdftex.def)             Requested size: 510.0pt x 721.28493pt.
File: ./externaldocs/python-microservice-base/MicroserviceBase.pdf Graphic file
 (type pdf)
<use ./externaldocs/python-microservice-base/MicroserviceBase.pdf, page 2>
Package pdftex.def Info: ./externaldocs/python-microservice-base/MicroserviceBa
se.pdf , page2 used on input line 10.
(pdftex.def)             Requested size: 699.09099pt x 988.71404pt.
File: ./externaldocs/python-microservice-base/MicroserviceBase.pdf Graphic file
 (type pdf)
<use ./externaldocs/python-microservice-base/MicroserviceBase.pdf, page 2>
Package pdftex.def Info: ./externaldocs/python-microservice-base/MicroserviceBa
se.pdf , page2 used on input line 10.
(pdftex.def)             Requested size: 699.09099pt x 988.71404pt.
File: ./externaldocs/python-microservice-base/MicroserviceBase.pdf Graphic file
 (type pdf)
<use ./externaldocs/python-microservice-base/MicroserviceBase.pdf, page 2>
Package pdftex.def Info: ./externaldocs/python-microservice-base/MicroserviceBa
se.pdf , page2 used on input line 10.
(pdftex.def)             Requested size: 699.09099pt x 988.71404pt.
File: ./externaldocs/python-microservice-base/MicroserviceBase.pdf Graphic file
 (type pdf)
<use ./externaldocs/python-microservice-base/MicroserviceBase.pdf, page 2>
Package pdftex.def Info: ./externaldocs/python-microservice-base/MicroserviceBa
se.pdf , page2 used on input line 10.
(pdftex.def)             Requested size: 699.09099pt x 988.71404pt.
 [15 <./externaldocs/python-microservice-base/MicroserviceBase.pdf>]
<./externaldocs/python-microservice-base/MicroserviceBase.pdf, id=244, page=3, 
597.50829pt x 845.0471pt>
File: ./externaldocs/python-microservice-base/MicroserviceBase.pdf Graphic file
 (type pdf)
<use ./externaldocs/python-microservice-base/MicroserviceBase.pdf, page 3>
Package pdftex.def Info: ./externaldocs/python-microservice-base/MicroserviceBa
se.pdf , page3 used on input line 10.
(pdftex.def)             Requested size: 699.09099pt x 988.71404pt.
File: ./externaldocs/python-microservice-base/MicroserviceBase.pdf Graphic file
 (type pdf)
<use ./externaldocs/python-microservice-base/MicroserviceBase.pdf, page 3>
Package pdftex.def Info: ./externaldocs/python-microservice-base/MicroserviceBa
se.pdf , page3 used on input line 10.
(pdftex.def)             Requested size: 699.09099pt x 988.71404pt.
File: ./externaldocs/python-microservice-base/MicroserviceBase.pdf Graphic file
 (type pdf)
<use ./externaldocs/python-microservice-base/MicroserviceBase.pdf, page 3>
Package pdftex.def Info: ./externaldocs/python-microservice-base/MicroserviceBa
se.pdf , page3 used on input line 10.
(pdftex.def)             Requested size: 699.09099pt x 988.71404pt.
 [16 <./externaldocs/python-microservice-base/MicroserviceBase.pdf>]
<./externaldocs/python-microservice-base/MicroserviceBase.pdf, id=249, page=4, 
597.50829pt x 845.0471pt>
File: ./externaldocs/python-microservice-base/MicroserviceBase.pdf Graphic file
 (type pdf)
<use ./externaldocs/python-microservice-base/MicroserviceBase.pdf, page 4>
Package pdftex.def Info: ./externaldocs/python-microservice-base/MicroserviceBa
se.pdf , page4 used on input line 10.
(pdftex.def)             Requested size: 699.09099pt x 988.71404pt.
File: ./externaldocs/python-microservice-base/MicroserviceBase.pdf Graphic file
 (type pdf)
<use ./externaldocs/python-microservice-base/MicroserviceBase.pdf, page 4>
Package pdftex.def Info: ./externaldocs/python-microservice-base/MicroserviceBa
se.pdf , page4 used on input line 10.
(pdftex.def)             Requested size: 699.09099pt x 988.71404pt.
File: ./externaldocs/python-microservice-base/MicroserviceBase.pdf Graphic file
 (type pdf)
<use ./externaldocs/python-microservice-base/MicroserviceBase.pdf, page 4>
Package pdftex.def Info: ./externaldocs/python-microservice-base/MicroserviceBa
se.pdf , page4 used on input line 10.
(pdftex.def)             Requested size: 699.09099pt x 988.71404pt.
 [17 <./externaldocs/python-microservice-base/MicroserviceBase.pdf>]
<./externaldocs/python-microservice-base/MicroserviceBase.pdf, id=255, page=5, 
597.50829pt x 845.0471pt>
File: ./externaldocs/python-microservice-base/MicroserviceBase.pdf Graphic file
 (type pdf)
<use ./externaldocs/python-microservice-base/MicroserviceBase.pdf, page 5>
Package pdftex.def Info: ./externaldocs/python-microservice-base/MicroserviceBa
se.pdf , page5 used on input line 10.
(pdftex.def)             Requested size: 699.09099pt x 988.71404pt.
File: ./externaldocs/python-microservice-base/MicroserviceBase.pdf Graphic file
 (type pdf)
<use ./externaldocs/python-microservice-base/MicroserviceBase.pdf, page 5>
Package pdftex.def Info: ./externaldocs/python-microservice-base/MicroserviceBa
se.pdf , page5 used on input line 10.
(pdftex.def)             Requested size: 699.09099pt x 988.71404pt.
File: ./externaldocs/python-microservice-base/MicroserviceBase.pdf Graphic file
 (type pdf)
<use ./externaldocs/python-microservice-base/MicroserviceBase.pdf, page 5>
Package pdftex.def Info: ./externaldocs/python-microservice-base/MicroserviceBa
se.pdf , page5 used on input line 10.
(pdftex.def)             Requested size: 699.09099pt x 988.71404pt.
[18 <./externaldocs/python-microservice-base/MicroserviceBase.pdf>]
<./externaldocs/python-microservice-base/MicroserviceBase.pdf, id=260, page=6, 
597.50829pt x 845.0471pt>
File: ./externaldocs/python-microservice-base/MicroserviceBase.pdf Graphic file
 (type pdf)
<use ./externaldocs/python-microservice-base/MicroserviceBase.pdf, page 6>
Package pdftex.def Info: ./externaldocs/python-microservice-base/MicroserviceBa
se.pdf , page6 used on input line 10.
(pdftex.def)             Requested size: 699.09099pt x 988.71404pt.
File: ./externaldocs/python-microservice-base/MicroserviceBase.pdf Graphic file
 (type pdf)
<use ./externaldocs/python-microservice-base/MicroserviceBase.pdf, page 6>
Package pdftex.def Info: ./externaldocs/python-microservice-base/MicroserviceBa
se.pdf , page6 used on input line 10.
(pdftex.def)             Requested size: 699.09099pt x 988.71404pt.
File: ./externaldocs/python-microservice-base/MicroserviceBase.pdf Graphic file
 (type pdf)
<use ./externaldocs/python-microservice-base/MicroserviceBase.pdf, page 6>
Package pdftex.def Info: ./externaldocs/python-microservice-base/MicroserviceBa
se.pdf , page6 used on input line 10.
(pdftex.def)             Requested size: 699.09099pt x 988.71404pt.
 [19 <./externaldocs/python-microservice-base/MicroserviceBase.pdf>]
<./externaldocs/python-microservice-base/MicroserviceBase.pdf, id=265, page=7, 
597.50829pt x 845.0471pt>
File: ./externaldocs/python-microservice-base/MicroserviceBase.pdf Graphic file
 (type pdf)
<use ./externaldocs/python-microservice-base/MicroserviceBase.pdf, page 7>
Package pdftex.def Info: ./externaldocs/python-microservice-base/MicroserviceBa
se.pdf , page7 used on input line 10.
(pdftex.def)             Requested size: 699.09099pt x 988.71404pt.
File: ./externaldocs/python-microservice-base/MicroserviceBase.pdf Graphic file
 (type pdf)
<use ./externaldocs/python-microservice-base/MicroserviceBase.pdf, page 7>
Package pdftex.def Info: ./externaldocs/python-microservice-base/MicroserviceBa
se.pdf , page7 used on input line 10.
(pdftex.def)             Requested size: 699.09099pt x 988.71404pt.
File: ./externaldocs/python-microservice-base/MicroserviceBase.pdf Graphic file
 (type pdf)
<use ./externaldocs/python-microservice-base/MicroserviceBase.pdf, page 7>
Package pdftex.def Info: ./externaldocs/python-microservice-base/MicroserviceBa
se.pdf , page7 used on input line 10.
(pdftex.def)             Requested size: 699.09099pt x 988.71404pt.
 [20 <./externaldocs/python-microservice-base/MicroserviceBase.pdf>]
<./externaldocs/python-microservice-base/MicroserviceBase.pdf, id=270, page=8, 
597.50829pt x 845.0471pt>
File: ./externaldocs/python-microservice-base/MicroserviceBase.pdf Graphic file
 (type pdf)
<use ./externaldocs/python-microservice-base/MicroserviceBase.pdf, page 8>
Package pdftex.def Info: ./externaldocs/python-microservice-base/MicroserviceBa
se.pdf , page8 used on input line 10.
(pdftex.def)             Requested size: 699.09099pt x 988.71404pt.
File: ./externaldocs/python-microservice-base/MicroserviceBase.pdf Graphic file
 (type pdf)
<use ./externaldocs/python-microservice-base/MicroserviceBase.pdf, page 8>
Package pdftex.def Info: ./externaldocs/python-microservice-base/MicroserviceBa
se.pdf , page8 used on input line 10.
(pdftex.def)             Requested size: 699.09099pt x 988.71404pt.
File: ./externaldocs/python-microservice-base/MicroserviceBase.pdf Graphic file
 (type pdf)
<use ./externaldocs/python-microservice-base/MicroserviceBase.pdf, page 8>
Package pdftex.def Info: ./externaldocs/python-microservice-base/MicroserviceBa
se.pdf , page8 used on input line 10.
(pdftex.def)             Requested size: 699.09099pt x 988.71404pt.
 [21 <./externaldocs/python-microservice-base/MicroserviceBase.pdf>]
<./externaldocs/python-microservice-base/MicroserviceBase.pdf, id=275, page=9, 
597.50829pt x 845.0471pt>
File: ./externaldocs/python-microservice-base/MicroserviceBase.pdf Graphic file
 (type pdf)
<use ./externaldocs/python-microservice-base/MicroserviceBase.pdf, page 9>
Package pdftex.def Info: ./externaldocs/python-microservice-base/MicroserviceBa
se.pdf , page9 used on input line 10.
(pdftex.def)             Requested size: 699.09099pt x 988.71404pt.
File: ./externaldocs/python-microservice-base/MicroserviceBase.pdf Graphic file
 (type pdf)
<use ./externaldocs/python-microservice-base/MicroserviceBase.pdf, page 9>
Package pdftex.def Info: ./externaldocs/python-microservice-base/MicroserviceBa
se.pdf , page9 used on input line 10.
(pdftex.def)             Requested size: 699.09099pt x 988.71404pt.
File: ./externaldocs/python-microservice-base/MicroserviceBase.pdf Graphic file
 (type pdf)
<use ./externaldocs/python-microservice-base/MicroserviceBase.pdf, page 9>
Package pdftex.def Info: ./externaldocs/python-microservice-base/MicroserviceBa
se.pdf , page9 used on input line 10.
(pdftex.def)             Requested size: 699.09099pt x 988.71404pt.
 [22 <./externaldocs/python-microservice-base/MicroserviceBase.pdf>]
<./externaldocs/python-microservice-base/MicroserviceBase.pdf, id=298, page=10,
 597.50829pt x 845.0471pt>
File: ./externaldocs/python-microservice-base/MicroserviceBase.pdf Graphic file
 (type pdf)
<use ./externaldocs/python-microservice-base/MicroserviceBase.pdf, page 10>
Package pdftex.def Info: ./externaldocs/python-microservice-base/MicroserviceBa
se.pdf , page10 used on input line 10.
(pdftex.def)             Requested size: 699.09099pt x 988.71404pt.
File: ./externaldocs/python-microservice-base/MicroserviceBase.pdf Graphic file
 (type pdf)
<use ./externaldocs/python-microservice-base/MicroserviceBase.pdf, page 10>
Package pdftex.def Info: ./externaldocs/python-microservice-base/MicroserviceBa
se.pdf , page10 used on input line 10.
(pdftex.def)             Requested size: 699.09099pt x 988.71404pt.
File: ./externaldocs/python-microservice-base/MicroserviceBase.pdf Graphic file
 (type pdf)
<use ./externaldocs/python-microservice-base/MicroserviceBase.pdf, page 10>
Package pdftex.def Info: ./externaldocs/python-microservice-base/MicroserviceBa
se.pdf , page10 used on input line 10.
(pdftex.def)             Requested size: 699.09099pt x 988.71404pt.
 [23 <./externaldocs/python-microservice-base/MicroserviceBase.pdf>]
<./externaldocs/python-microservice-base/MicroserviceBase.pdf, id=328, page=11,
 597.50829pt x 845.0471pt>
File: ./externaldocs/python-microservice-base/MicroserviceBase.pdf Graphic file
 (type pdf)
<use ./externaldocs/python-microservice-base/MicroserviceBase.pdf, page 11>
Package pdftex.def Info: ./externaldocs/python-microservice-base/MicroserviceBa
se.pdf , page11 used on input line 10.
(pdftex.def)             Requested size: 699.09099pt x 988.71404pt.
File: ./externaldocs/python-microservice-base/MicroserviceBase.pdf Graphic file
 (type pdf)
<use ./externaldocs/python-microservice-base/MicroserviceBase.pdf, page 11>
Package pdftex.def Info: ./externaldocs/python-microservice-base/MicroserviceBa
se.pdf , page11 used on input line 10.
(pdftex.def)             Requested size: 699.09099pt x 988.71404pt.
File: ./externaldocs/python-microservice-base/MicroserviceBase.pdf Graphic file
 (type pdf)
<use ./externaldocs/python-microservice-base/MicroserviceBase.pdf, page 11>
Package pdftex.def Info: ./externaldocs/python-microservice-base/MicroserviceBa
se.pdf , page11 used on input line 10.
(pdftex.def)             Requested size: 699.09099pt x 988.71404pt.
 [24 <./externaldocs/python-microservice-base/MicroserviceBase.pdf>]
<./externaldocs/python-microservice-base/MicroserviceBase.pdf, id=333, page=12,
 597.50829pt x 845.0471pt>
File: ./externaldocs/python-microservice-base/MicroserviceBase.pdf Graphic file
 (type pdf)
<use ./externaldocs/python-microservice-base/MicroserviceBase.pdf, page 12>
Package pdftex.def Info: ./externaldocs/python-microservice-base/MicroserviceBa
se.pdf , page12 used on input line 10.
(pdftex.def)             Requested size: 699.09099pt x 988.71404pt.
File: ./externaldocs/python-microservice-base/MicroserviceBase.pdf Graphic file
 (type pdf)
<use ./externaldocs/python-microservice-base/MicroserviceBase.pdf, page 12>
Package pdftex.def Info: ./externaldocs/python-microservice-base/MicroserviceBa
se.pdf , page12 used on input line 10.
(pdftex.def)             Requested size: 699.09099pt x 988.71404pt.
File: ./externaldocs/python-microservice-base/MicroserviceBase.pdf Graphic file
 (type pdf)
<use ./externaldocs/python-microservice-base/MicroserviceBase.pdf, page 12>
Package pdftex.def Info: ./externaldocs/python-microservice-base/MicroserviceBa
se.pdf , page12 used on input line 10.
(pdftex.def)             Requested size: 699.09099pt x 988.71404pt.
 [25 <./externaldocs/python-microservice-base/MicroserviceBase.pdf>]
<./externaldocs/python-microservice-base/MicroserviceBase.pdf, id=338, page=13,
 597.50829pt x 845.0471pt>
File: ./externaldocs/python-microservice-base/MicroserviceBase.pdf Graphic file
 (type pdf)
<use ./externaldocs/python-microservice-base/MicroserviceBase.pdf, page 13>
Package pdftex.def Info: ./externaldocs/python-microservice-base/MicroserviceBa
se.pdf , page13 used on input line 10.
(pdftex.def)             Requested size: 699.09099pt x 988.71404pt.
File: ./externaldocs/python-microservice-base/MicroserviceBase.pdf Graphic file
 (type pdf)
<use ./externaldocs/python-microservice-base/MicroserviceBase.pdf, page 13>
Package pdftex.def Info: ./externaldocs/python-microservice-base/MicroserviceBa
se.pdf , page13 used on input line 10.
(pdftex.def)             Requested size: 699.09099pt x 988.71404pt.
File: ./externaldocs/python-microservice-base/MicroserviceBase.pdf Graphic file
 (type pdf)
<use ./externaldocs/python-microservice-base/MicroserviceBase.pdf, page 13>
Package pdftex.def Info: ./externaldocs/python-microservice-base/MicroserviceBa
se.pdf , page13 used on input line 10.
(pdftex.def)             Requested size: 699.09099pt x 988.71404pt.
 [26 <./externaldocs/python-microservice-base/MicroserviceBase.pdf>]
<./externaldocs/python-microservice-base/MicroserviceBase.pdf, id=343, page=14,
 597.50829pt x 845.0471pt>
File: ./externaldocs/python-microservice-base/MicroserviceBase.pdf Graphic file
 (type pdf)
<use ./externaldocs/python-microservice-base/MicroserviceBase.pdf, page 14>
Package pdftex.def Info: ./externaldocs/python-microservice-base/MicroserviceBa
se.pdf , page14 used on input line 10.
(pdftex.def)             Requested size: 699.09099pt x 988.71404pt.
File: ./externaldocs/python-microservice-base/MicroserviceBase.pdf Graphic file
 (type pdf)
<use ./externaldocs/python-microservice-base/MicroserviceBase.pdf, page 14>
Package pdftex.def Info: ./externaldocs/python-microservice-base/MicroserviceBa
se.pdf , page14 used on input line 10.
(pdftex.def)             Requested size: 699.09099pt x 988.71404pt.
File: ./externaldocs/python-microservice-base/MicroserviceBase.pdf Graphic file
 (type pdf)
<use ./externaldocs/python-microservice-base/MicroserviceBase.pdf, page 14>
Package pdftex.def Info: ./externaldocs/python-microservice-base/MicroserviceBa
se.pdf , page14 used on input line 10.
(pdftex.def)             Requested size: 699.09099pt x 988.71404pt.
 [27 <./externaldocs/python-microservice-base/MicroserviceBase.pdf>]
<./externaldocs/python-microservice-base/MicroserviceBase.pdf, id=348, page=15,
 597.50829pt x 845.0471pt>
File: ./externaldocs/python-microservice-base/MicroserviceBase.pdf Graphic file
 (type pdf)
<use ./externaldocs/python-microservice-base/MicroserviceBase.pdf, page 15>
Package pdftex.def Info: ./externaldocs/python-microservice-base/MicroserviceBa
se.pdf , page15 used on input line 10.
(pdftex.def)             Requested size: 699.09099pt x 988.71404pt.
File: ./externaldocs/python-microservice-base/MicroserviceBase.pdf Graphic file
 (type pdf)
<use ./externaldocs/python-microservice-base/MicroserviceBase.pdf, page 15>
Package pdftex.def Info: ./externaldocs/python-microservice-base/MicroserviceBa
se.pdf , page15 used on input line 10.
(pdftex.def)             Requested size: 699.09099pt x 988.71404pt.
File: ./externaldocs/python-microservice-base/MicroserviceBase.pdf Graphic file
 (type pdf)
<use ./externaldocs/python-microservice-base/MicroserviceBase.pdf, page 15>
Package pdftex.def Info: ./externaldocs/python-microservice-base/MicroserviceBa
se.pdf , page15 used on input line 10.
(pdftex.def)             Requested size: 699.09099pt x 988.71404pt.
 [28 <./externaldocs/python-microservice-base/MicroserviceBase.pdf>]
<./externaldocs/python-microservice-base/MicroserviceBase.pdf, id=353, page=16,
 597.50829pt x 845.0471pt>
File: ./externaldocs/python-microservice-base/MicroserviceBase.pdf Graphic file
 (type pdf)
<use ./externaldocs/python-microservice-base/MicroserviceBase.pdf, page 16>
Package pdftex.def Info: ./externaldocs/python-microservice-base/MicroserviceBa
se.pdf , page16 used on input line 10.
(pdftex.def)             Requested size: 699.09099pt x 988.71404pt.
File: ./externaldocs/python-microservice-base/MicroserviceBase.pdf Graphic file
 (type pdf)
<use ./externaldocs/python-microservice-base/MicroserviceBase.pdf, page 16>
Package pdftex.def Info: ./externaldocs/python-microservice-base/MicroserviceBa
se.pdf , page16 used on input line 10.
(pdftex.def)             Requested size: 699.09099pt x 988.71404pt.
File: ./externaldocs/python-microservice-base/MicroserviceBase.pdf Graphic file
 (type pdf)
<use ./externaldocs/python-microservice-base/MicroserviceBase.pdf, page 16>
Package pdftex.def Info: ./externaldocs/python-microservice-base/MicroserviceBa
se.pdf , page16 used on input line 10.
(pdftex.def)             Requested size: 699.09099pt x 988.71404pt.
 [29 <./externaldocs/python-microservice-base/MicroserviceBase.pdf>]
<./externaldocs/python-microservice-base/MicroserviceBase.pdf, id=359, page=17,
 597.50829pt x 845.0471pt>
File: ./externaldocs/python-microservice-base/MicroserviceBase.pdf Graphic file
 (type pdf)
<use ./externaldocs/python-microservice-base/MicroserviceBase.pdf, page 17>
Package pdftex.def Info: ./externaldocs/python-microservice-base/MicroserviceBa
se.pdf , page17 used on input line 10.
(pdftex.def)             Requested size: 699.09099pt x 988.71404pt.
File: ./externaldocs/python-microservice-base/MicroserviceBase.pdf Graphic file
 (type pdf)
<use ./externaldocs/python-microservice-base/MicroserviceBase.pdf, page 17>
Package pdftex.def Info: ./externaldocs/python-microservice-base/MicroserviceBa
se.pdf , page17 used on input line 10.
(pdftex.def)             Requested size: 699.09099pt x 988.71404pt.
File: ./externaldocs/python-microservice-base/MicroserviceBase.pdf Graphic file
 (type pdf)
<use ./externaldocs/python-microservice-base/MicroserviceBase.pdf, page 17>
Package pdftex.def Info: ./externaldocs/python-microservice-base/MicroserviceBa
se.pdf , page17 used on input line 10.
(pdftex.def)             Requested size: 699.09099pt x 988.71404pt.
 [30 <./externaldocs/python-microservice-base/MicroserviceBase.pdf>]
<./externaldocs/python-microservice-base/MicroserviceBase.pdf, id=364, page=18,
 597.50829pt x 845.0471pt>
File: ./externaldocs/python-microservice-base/MicroserviceBase.pdf Graphic file
 (type pdf)
<use ./externaldocs/python-microservice-base/MicroserviceBase.pdf, page 18>
Package pdftex.def Info: ./externaldocs/python-microservice-base/MicroserviceBa
se.pdf , page18 used on input line 10.
(pdftex.def)             Requested size: 699.09099pt x 988.71404pt.
File: ./externaldocs/python-microservice-base/MicroserviceBase.pdf Graphic file
 (type pdf)
<use ./externaldocs/python-microservice-base/MicroserviceBase.pdf, page 18>
Package pdftex.def Info: ./externaldocs/python-microservice-base/MicroserviceBa
se.pdf , page18 used on input line 10.
(pdftex.def)             Requested size: 699.09099pt x 988.71404pt.
File: ./externaldocs/python-microservice-base/MicroserviceBase.pdf Graphic file
 (type pdf)
<use ./externaldocs/python-microservice-base/MicroserviceBase.pdf, page 18>
Package pdftex.def Info: ./externaldocs/python-microservice-base/MicroserviceBa
se.pdf , page18 used on input line 10.
(pdftex.def)             Requested size: 699.09099pt x 988.71404pt.
 [31 <./externaldocs/python-microservice-base/MicroserviceBase.pdf>]
<./externaldocs/python-microservice-base/MicroserviceBase.pdf, id=369, page=19,
 597.50829pt x 845.0471pt>
File: ./externaldocs/python-microservice-base/MicroserviceBase.pdf Graphic file
 (type pdf)
<use ./externaldocs/python-microservice-base/MicroserviceBase.pdf, page 19>
Package pdftex.def Info: ./externaldocs/python-microservice-base/MicroserviceBa
se.pdf , page19 used on input line 10.
(pdftex.def)             Requested size: 699.09099pt x 988.71404pt.
File: ./externaldocs/python-microservice-base/MicroserviceBase.pdf Graphic file
 (type pdf)
<use ./externaldocs/python-microservice-base/MicroserviceBase.pdf, page 19>
Package pdftex.def Info: ./externaldocs/python-microservice-base/MicroserviceBa
se.pdf , page19 used on input line 10.
(pdftex.def)             Requested size: 699.09099pt x 988.71404pt.
File: ./externaldocs/python-microservice-base/MicroserviceBase.pdf Graphic file
 (type pdf)
<use ./externaldocs/python-microservice-base/MicroserviceBase.pdf, page 19>
Package pdftex.def Info: ./externaldocs/python-microservice-base/MicroserviceBa
se.pdf , page19 used on input line 10.
(pdftex.def)             Requested size: 699.09099pt x 988.71404pt.
 [32 <./externaldocs/python-microservice-base/MicroserviceBase.pdf>]
<./externaldocs/python-microservice-base/MicroserviceBase.pdf, id=374, page=20,
 597.50829pt x 845.0471pt>
File: ./externaldocs/python-microservice-base/MicroserviceBase.pdf Graphic file
 (type pdf)
<use ./externaldocs/python-microservice-base/MicroserviceBase.pdf, page 20>
Package pdftex.def Info: ./externaldocs/python-microservice-base/MicroserviceBa
se.pdf , page20 used on input line 10.
(pdftex.def)             Requested size: 699.09099pt x 988.71404pt.
File: ./externaldocs/python-microservice-base/MicroserviceBase.pdf Graphic file
 (type pdf)
<use ./externaldocs/python-microservice-base/MicroserviceBase.pdf, page 20>
Package pdftex.def Info: ./externaldocs/python-microservice-base/MicroserviceBa
se.pdf , page20 used on input line 10.
(pdftex.def)             Requested size: 699.09099pt x 988.71404pt.
File: ./externaldocs/python-microservice-base/MicroserviceBase.pdf Graphic file
 (type pdf)
<use ./externaldocs/python-microservice-base/MicroserviceBase.pdf, page 20>
Package pdftex.def Info: ./externaldocs/python-microservice-base/MicroserviceBa
se.pdf , page20 used on input line 10.
(pdftex.def)             Requested size: 699.09099pt x 988.71404pt.

[33 <./externaldocs/python-microservice-base/MicroserviceBase.pdf>]
<./externaldocs/python-microservice-base/MicroserviceBase.pdf, id=379, page=21,
 597.50829pt x 845.0471pt>
File: ./externaldocs/python-microservice-base/MicroserviceBase.pdf Graphic file
 (type pdf)
<use ./externaldocs/python-microservice-base/MicroserviceBase.pdf, page 21>
Package pdftex.def Info: ./externaldocs/python-microservice-base/MicroserviceBa
se.pdf , page21 used on input line 10.
(pdftex.def)             Requested size: 699.09099pt x 988.71404pt.
File: ./externaldocs/python-microservice-base/MicroserviceBase.pdf Graphic file
 (type pdf)
<use ./externaldocs/python-microservice-base/MicroserviceBase.pdf, page 21>
Package pdftex.def Info: ./externaldocs/python-microservice-base/MicroserviceBa
se.pdf , page21 used on input line 10.
(pdftex.def)             Requested size: 699.09099pt x 988.71404pt.
File: ./externaldocs/python-microservice-base/MicroserviceBase.pdf Graphic file
 (type pdf)
<use ./externaldocs/python-microservice-base/MicroserviceBase.pdf, page 21>
Package pdftex.def Info: ./externaldocs/python-microservice-base/MicroserviceBa
se.pdf , page21 used on input line 10.
(pdftex.def)             Requested size: 699.09099pt x 988.71404pt.
 [34 <./externaldocs/python-microservice-base/MicroserviceBase.pdf>]
<./externaldocs/python-microservice-base/MicroserviceBase.pdf, id=384, page=22,
 597.50829pt x 845.0471pt>
File: ./externaldocs/python-microservice-base/MicroserviceBase.pdf Graphic file
 (type pdf)
<use ./externaldocs/python-microservice-base/MicroserviceBase.pdf, page 22>
Package pdftex.def Info: ./externaldocs/python-microservice-base/MicroserviceBa
se.pdf , page22 used on input line 10.
(pdftex.def)             Requested size: 699.09099pt x 988.71404pt.
File: ./externaldocs/python-microservice-base/MicroserviceBase.pdf Graphic file
 (type pdf)
<use ./externaldocs/python-microservice-base/MicroserviceBase.pdf, page 22>
Package pdftex.def Info: ./externaldocs/python-microservice-base/MicroserviceBa
se.pdf , page22 used on input line 10.
(pdftex.def)             Requested size: 699.09099pt x 988.71404pt.
File: ./externaldocs/python-microservice-base/MicroserviceBase.pdf Graphic file
 (type pdf)
<use ./externaldocs/python-microservice-base/MicroserviceBase.pdf, page 22>
Package pdftex.def Info: ./externaldocs/python-microservice-base/MicroserviceBa
se.pdf , page22 used on input line 10.
(pdftex.def)             Requested size: 699.09099pt x 988.71404pt.
 [35 <./externaldocs/python-microservice-base/MicroserviceBase.pdf>]
<./externaldocs/python-microservice-base/MicroserviceBase.pdf, id=390, page=23,
 597.50829pt x 845.0471pt>
File: ./externaldocs/python-microservice-base/MicroserviceBase.pdf Graphic file
 (type pdf)
<use ./externaldocs/python-microservice-base/MicroserviceBase.pdf, page 23>
Package pdftex.def Info: ./externaldocs/python-microservice-base/MicroserviceBa
se.pdf , page23 used on input line 10.
(pdftex.def)             Requested size: 699.09099pt x 988.71404pt.
File: ./externaldocs/python-microservice-base/MicroserviceBase.pdf Graphic file
 (type pdf)
<use ./externaldocs/python-microservice-base/MicroserviceBase.pdf, page 23>
Package pdftex.def Info: ./externaldocs/python-microservice-base/MicroserviceBa
se.pdf , page23 used on input line 10.
(pdftex.def)             Requested size: 699.09099pt x 988.71404pt.
File: ./externaldocs/python-microservice-base/MicroserviceBase.pdf Graphic file
 (type pdf)
<use ./externaldocs/python-microservice-base/MicroserviceBase.pdf, page 23>
Package pdftex.def Info: ./externaldocs/python-microservice-base/MicroserviceBa
se.pdf , page23 used on input line 10.
(pdftex.def)             Requested size: 699.09099pt x 988.71404pt.
 [36 <./externaldocs/python-microservice-base/MicroserviceBase.pdf>]
<./externaldocs/python-microservice-base/MicroserviceBase.pdf, id=395, page=24,
 597.50829pt x 845.0471pt>
File: ./externaldocs/python-microservice-base/MicroserviceBase.pdf Graphic file
 (type pdf)
<use ./externaldocs/python-microservice-base/MicroserviceBase.pdf, page 24>
Package pdftex.def Info: ./externaldocs/python-microservice-base/MicroserviceBa
se.pdf , page24 used on input line 10.
(pdftex.def)             Requested size: 699.09099pt x 988.71404pt.
File: ./externaldocs/python-microservice-base/MicroserviceBase.pdf Graphic file
 (type pdf)
<use ./externaldocs/python-microservice-base/MicroserviceBase.pdf, page 24>
Package pdftex.def Info: ./externaldocs/python-microservice-base/MicroserviceBa
se.pdf , page24 used on input line 10.
(pdftex.def)             Requested size: 699.09099pt x 988.71404pt.
File: ./externaldocs/python-microservice-base/MicroserviceBase.pdf Graphic file
 (type pdf)
<use ./externaldocs/python-microservice-base/MicroserviceBase.pdf, page 24>
Package pdftex.def Info: ./externaldocs/python-microservice-base/MicroserviceBa
se.pdf , page24 used on input line 10.
(pdftex.def)             Requested size: 699.09099pt x 988.71404pt.
 [37 <./externaldocs/python-microservice-base/MicroserviceBase.pdf>]
<./externaldocs/python-microservice-base/MicroserviceBase.pdf, id=400, page=25,
 597.50829pt x 845.0471pt>
File: ./externaldocs/python-microservice-base/MicroserviceBase.pdf Graphic file
 (type pdf)
<use ./externaldocs/python-microservice-base/MicroserviceBase.pdf, page 25>
Package pdftex.def Info: ./externaldocs/python-microservice-base/MicroserviceBa
se.pdf , page25 used on input line 10.
(pdftex.def)             Requested size: 699.09099pt x 988.71404pt.
File: ./externaldocs/python-microservice-base/MicroserviceBase.pdf Graphic file
 (type pdf)
<use ./externaldocs/python-microservice-base/MicroserviceBase.pdf, page 25>
Package pdftex.def Info: ./externaldocs/python-microservice-base/MicroserviceBa
se.pdf , page25 used on input line 10.
(pdftex.def)             Requested size: 699.09099pt x 988.71404pt.
File: ./externaldocs/python-microservice-base/MicroserviceBase.pdf Graphic file
 (type pdf)
<use ./externaldocs/python-microservice-base/MicroserviceBase.pdf, page 25>
Package pdftex.def Info: ./externaldocs/python-microservice-base/MicroserviceBa
se.pdf , page25 used on input line 10.
(pdftex.def)             Requested size: 699.09099pt x 988.71404pt.
 [38 <./externaldocs/python-microservice-base/MicroserviceBase.pdf>]
<./externaldocs/python-microservice-base/MicroserviceBase.pdf, id=405, page=26,
 597.50829pt x 845.0471pt>
File: ./externaldocs/python-microservice-base/MicroserviceBase.pdf Graphic file
 (type pdf)
<use ./externaldocs/python-microservice-base/MicroserviceBase.pdf, page 26>
Package pdftex.def Info: ./externaldocs/python-microservice-base/MicroserviceBa
se.pdf , page26 used on input line 10.
(pdftex.def)             Requested size: 699.09099pt x 988.71404pt.
File: ./externaldocs/python-microservice-base/MicroserviceBase.pdf Graphic file
 (type pdf)
<use ./externaldocs/python-microservice-base/MicroserviceBase.pdf, page 26>
Package pdftex.def Info: ./externaldocs/python-microservice-base/MicroserviceBa
se.pdf , page26 used on input line 10.
(pdftex.def)             Requested size: 699.09099pt x 988.71404pt.
File: ./externaldocs/python-microservice-base/MicroserviceBase.pdf Graphic file
 (type pdf)
<use ./externaldocs/python-microservice-base/MicroserviceBase.pdf, page 26>
Package pdftex.def Info: ./externaldocs/python-microservice-base/MicroserviceBa
se.pdf , page26 used on input line 10.
(pdftex.def)             Requested size: 699.09099pt x 988.71404pt.
 [39 <./externaldocs/python-microservice-base/MicroserviceBase.pdf>]
<./externaldocs/python-microservice-base/MicroserviceBase.pdf, id=410, page=27,
 597.50829pt x 845.0471pt>
File: ./externaldocs/python-microservice-base/MicroserviceBase.pdf Graphic file
 (type pdf)
<use ./externaldocs/python-microservice-base/MicroserviceBase.pdf, page 27>
Package pdftex.def Info: ./externaldocs/python-microservice-base/MicroserviceBa
se.pdf , page27 used on input line 10.
(pdftex.def)             Requested size: 699.09099pt x 988.71404pt.
File: ./externaldocs/python-microservice-base/MicroserviceBase.pdf Graphic file
 (type pdf)
<use ./externaldocs/python-microservice-base/MicroserviceBase.pdf, page 27>
Package pdftex.def Info: ./externaldocs/python-microservice-base/MicroserviceBa
se.pdf , page27 used on input line 10.
(pdftex.def)             Requested size: 699.09099pt x 988.71404pt.
File: ./externaldocs/python-microservice-base/MicroserviceBase.pdf Graphic file
 (type pdf)
<use ./externaldocs/python-microservice-base/MicroserviceBase.pdf, page 27>
Package pdftex.def Info: ./externaldocs/python-microservice-base/MicroserviceBa
se.pdf , page27 used on input line 10.
(pdftex.def)             Requested size: 699.09099pt x 988.71404pt.
 [40 <./externaldocs/python-microservice-base/MicroserviceBase.pdf>]
<./externaldocs/python-microservice-base/MicroserviceBase.pdf, id=415, page=28,
 597.50829pt x 845.0471pt>
File: ./externaldocs/python-microservice-base/MicroserviceBase.pdf Graphic file
 (type pdf)
<use ./externaldocs/python-microservice-base/MicroserviceBase.pdf, page 28>
Package pdftex.def Info: ./externaldocs/python-microservice-base/MicroserviceBa
se.pdf , page28 used on input line 10.
(pdftex.def)             Requested size: 699.09099pt x 988.71404pt.
File: ./externaldocs/python-microservice-base/MicroserviceBase.pdf Graphic file
 (type pdf)
<use ./externaldocs/python-microservice-base/MicroserviceBase.pdf, page 28>
Package pdftex.def Info: ./externaldocs/python-microservice-base/MicroserviceBa
se.pdf , page28 used on input line 10.
(pdftex.def)             Requested size: 699.09099pt x 988.71404pt.
File: ./externaldocs/python-microservice-base/MicroserviceBase.pdf Graphic file
 (type pdf)
<use ./externaldocs/python-microservice-base/MicroserviceBase.pdf, page 28>
Package pdftex.def Info: ./externaldocs/python-microservice-base/MicroserviceBa
se.pdf , page28 used on input line 10.
(pdftex.def)             Requested size: 699.09099pt x 988.71404pt.
 [41 <./externaldocs/python-microservice-base/MicroserviceBase.pdf>]
<./externaldocs/python-microservice-base/MicroserviceBase.pdf, id=421, page=29,
 597.50829pt x 845.0471pt>
File: ./externaldocs/python-microservice-base/MicroserviceBase.pdf Graphic file
 (type pdf)
<use ./externaldocs/python-microservice-base/MicroserviceBase.pdf, page 29>
Package pdftex.def Info: ./externaldocs/python-microservice-base/MicroserviceBa
se.pdf , page29 used on input line 10.
(pdftex.def)             Requested size: 699.09099pt x 988.71404pt.
File: ./externaldocs/python-microservice-base/MicroserviceBase.pdf Graphic file
 (type pdf)
<use ./externaldocs/python-microservice-base/MicroserviceBase.pdf, page 29>
Package pdftex.def Info: ./externaldocs/python-microservice-base/MicroserviceBa
se.pdf , page29 used on input line 10.
(pdftex.def)             Requested size: 699.09099pt x 988.71404pt.
File: ./externaldocs/python-microservice-base/MicroserviceBase.pdf Graphic file
 (type pdf)
<use ./externaldocs/python-microservice-base/MicroserviceBase.pdf, page 29>
Package pdftex.def Info: ./externaldocs/python-microservice-base/MicroserviceBa
se.pdf , page29 used on input line 10.
(pdftex.def)             Requested size: 699.09099pt x 988.71404pt.
 [42 <./externaldocs/python-microservice-base/MicroserviceBase.pdf>]
<./externaldocs/python-microservice-base/MicroserviceBase.pdf, id=426, page=30,
 597.50829pt x 845.0471pt>
File: ./externaldocs/python-microservice-base/MicroserviceBase.pdf Graphic file
 (type pdf)
<use ./externaldocs/python-microservice-base/MicroserviceBase.pdf, page 30>
Package pdftex.def Info: ./externaldocs/python-microservice-base/MicroserviceBa
se.pdf , page30 used on input line 10.
(pdftex.def)             Requested size: 699.09099pt x 988.71404pt.
File: ./externaldocs/python-microservice-base/MicroserviceBase.pdf Graphic file
 (type pdf)
<use ./externaldocs/python-microservice-base/MicroserviceBase.pdf, page 30>
Package pdftex.def Info: ./externaldocs/python-microservice-base/MicroserviceBa
se.pdf , page30 used on input line 10.
(pdftex.def)             Requested size: 699.09099pt x 988.71404pt.
File: ./externaldocs/python-microservice-base/MicroserviceBase.pdf Graphic file
 (type pdf)
<use ./externaldocs/python-microservice-base/MicroserviceBase.pdf, page 30>
Package pdftex.def Info: ./externaldocs/python-microservice-base/MicroserviceBa
se.pdf , page30 used on input line 10.
(pdftex.def)             Requested size: 699.09099pt x 988.71404pt.
 [43 <./externaldocs/python-microservice-base/MicroserviceBase.pdf>]
<./externaldocs/python-microservice-base/MicroserviceBase.pdf, id=431, page=31,
 597.50829pt x 845.0471pt>
File: ./externaldocs/python-microservice-base/MicroserviceBase.pdf Graphic file
 (type pdf)
<use ./externaldocs/python-microservice-base/MicroserviceBase.pdf, page 31>
Package pdftex.def Info: ./externaldocs/python-microservice-base/MicroserviceBa
se.pdf , page31 used on input line 10.
(pdftex.def)             Requested size: 699.09099pt x 988.71404pt.
File: ./externaldocs/python-microservice-base/MicroserviceBase.pdf Graphic file
 (type pdf)
<use ./externaldocs/python-microservice-base/MicroserviceBase.pdf, page 31>
Package pdftex.def Info: ./externaldocs/python-microservice-base/MicroserviceBa
se.pdf , page31 used on input line 10.
(pdftex.def)             Requested size: 699.09099pt x 988.71404pt.
File: ./externaldocs/python-microservice-base/MicroserviceBase.pdf Graphic file
 (type pdf)
<use ./externaldocs/python-microservice-base/MicroserviceBase.pdf, page 31>
Package pdftex.def Info: ./externaldocs/python-microservice-base/MicroserviceBa
se.pdf , page31 used on input line 10.
(pdftex.def)             Requested size: 699.09099pt x 988.71404pt.
 [44 <./externaldocs/python-microservice-base/MicroserviceBase.pdf>]
<./externaldocs/python-microservice-base/MicroserviceBase.pdf, id=436, page=32,
 597.50829pt x 845.0471pt>
File: ./externaldocs/python-microservice-base/MicroserviceBase.pdf Graphic file
 (type pdf)
<use ./externaldocs/python-microservice-base/MicroserviceBase.pdf, page 32>
Package pdftex.def Info: ./externaldocs/python-microservice-base/MicroserviceBa
se.pdf , page32 used on input line 10.
(pdftex.def)             Requested size: 699.09099pt x 988.71404pt.
File: ./externaldocs/python-microservice-base/MicroserviceBase.pdf Graphic file
 (type pdf)
<use ./externaldocs/python-microservice-base/MicroserviceBase.pdf, page 32>
Package pdftex.def Info: ./externaldocs/python-microservice-base/MicroserviceBa
se.pdf , page32 used on input line 10.
(pdftex.def)             Requested size: 699.09099pt x 988.71404pt.
File: ./externaldocs/python-microservice-base/MicroserviceBase.pdf Graphic file
 (type pdf)
<use ./externaldocs/python-microservice-base/MicroserviceBase.pdf, page 32>
Package pdftex.def Info: ./externaldocs/python-microservice-base/MicroserviceBa
se.pdf , page32 used on input line 10.
(pdftex.def)             Requested size: 699.09099pt x 988.71404pt.
 [45 <./externaldocs/python-microservice-base/MicroserviceBase.pdf>]
<./externaldocs/python-microservice-base/MicroserviceBase.pdf, id=441, page=33,
 597.50829pt x 845.0471pt>
File: ./externaldocs/python-microservice-base/MicroserviceBase.pdf Graphic file
 (type pdf)
<use ./externaldocs/python-microservice-base/MicroserviceBase.pdf, page 33>
Package pdftex.def Info: ./externaldocs/python-microservice-base/MicroserviceBa
se.pdf , page33 used on input line 10.
(pdftex.def)             Requested size: 699.09099pt x 988.71404pt.
File: ./externaldocs/python-microservice-base/MicroserviceBase.pdf Graphic file
 (type pdf)
<use ./externaldocs/python-microservice-base/MicroserviceBase.pdf, page 33>
Package pdftex.def Info: ./externaldocs/python-microservice-base/MicroserviceBa
se.pdf , page33 used on input line 10.
(pdftex.def)             Requested size: 699.09099pt x 988.71404pt.
File: ./externaldocs/python-microservice-base/MicroserviceBase.pdf Graphic file
 (type pdf)
<use ./externaldocs/python-microservice-base/MicroserviceBase.pdf, page 33>
Package pdftex.def Info: ./externaldocs/python-microservice-base/MicroserviceBa
se.pdf , page33 used on input line 10.
(pdftex.def)             Requested size: 699.09099pt x 988.71404pt.
 [46 <./externaldocs/python-microservice-base/MicroserviceBase.pdf>]
<./externaldocs/python-microservice-base/MicroserviceBase.pdf, id=446, page=34,
 597.50829pt x 845.0471pt>
File: ./externaldocs/python-microservice-base/MicroserviceBase.pdf Graphic file
 (type pdf)
<use ./externaldocs/python-microservice-base/MicroserviceBase.pdf, page 34>
Package pdftex.def Info: ./externaldocs/python-microservice-base/MicroserviceBa
se.pdf , page34 used on input line 10.
(pdftex.def)             Requested size: 699.09099pt x 988.71404pt.
File: ./externaldocs/python-microservice-base/MicroserviceBase.pdf Graphic file
 (type pdf)
<use ./externaldocs/python-microservice-base/MicroserviceBase.pdf, page 34>
Package pdftex.def Info: ./externaldocs/python-microservice-base/MicroserviceBa
se.pdf , page34 used on input line 10.
(pdftex.def)             Requested size: 699.09099pt x 988.71404pt.
File: ./externaldocs/python-microservice-base/MicroserviceBase.pdf Graphic file
 (type pdf)
<use ./externaldocs/python-microservice-base/MicroserviceBase.pdf, page 34>
Package pdftex.def Info: ./externaldocs/python-microservice-base/MicroserviceBa
se.pdf , page34 used on input line 10.
(pdftex.def)             Requested size: 699.09099pt x 988.71404pt.
 [47 <./externaldocs/python-microservice-base/MicroserviceBase.pdf>]
<./externaldocs/python-microservice-base/MicroserviceBase.pdf, id=452, page=35,
 597.50829pt x 845.0471pt>
File: ./externaldocs/python-microservice-base/MicroserviceBase.pdf Graphic file
 (type pdf)
<use ./externaldocs/python-microservice-base/MicroserviceBase.pdf, page 35>
Package pdftex.def Info: ./externaldocs/python-microservice-base/MicroserviceBa
se.pdf , page35 used on input line 10.
(pdftex.def)             Requested size: 699.09099pt x 988.71404pt.
File: ./externaldocs/python-microservice-base/MicroserviceBase.pdf Graphic file
 (type pdf)
<use ./externaldocs/python-microservice-base/MicroserviceBase.pdf, page 35>
Package pdftex.def Info: ./externaldocs/python-microservice-base/MicroserviceBa
se.pdf , page35 used on input line 10.
(pdftex.def)             Requested size: 699.09099pt x 988.71404pt.
File: ./externaldocs/python-microservice-base/MicroserviceBase.pdf Graphic file
 (type pdf)
<use ./externaldocs/python-microservice-base/MicroserviceBase.pdf, page 35>
Package pdftex.def Info: ./externaldocs/python-microservice-base/MicroserviceBa
se.pdf , page35 used on input line 10.
(pdftex.def)             Requested size: 699.09099pt x 988.71404pt.

[48 <./externaldocs/python-microservice-base/MicroserviceBase.pdf>]
<./externaldocs/python-microservice-base/MicroserviceBase.pdf, id=457, page=36,
 597.50829pt x 845.0471pt>
File: ./externaldocs/python-microservice-base/MicroserviceBase.pdf Graphic file
 (type pdf)
<use ./externaldocs/python-microservice-base/MicroserviceBase.pdf, page 36>
Package pdftex.def Info: ./externaldocs/python-microservice-base/MicroserviceBa
se.pdf , page36 used on input line 10.
(pdftex.def)             Requested size: 699.09099pt x 988.71404pt.
File: ./externaldocs/python-microservice-base/MicroserviceBase.pdf Graphic file
 (type pdf)
<use ./externaldocs/python-microservice-base/MicroserviceBase.pdf, page 36>
Package pdftex.def Info: ./externaldocs/python-microservice-base/MicroserviceBa
se.pdf , page36 used on input line 10.
(pdftex.def)             Requested size: 699.09099pt x 988.71404pt.
File: ./externaldocs/python-microservice-base/MicroserviceBase.pdf Graphic file
 (type pdf)
<use ./externaldocs/python-microservice-base/MicroserviceBase.pdf, page 36>
Package pdftex.def Info: ./externaldocs/python-microservice-base/MicroserviceBa
se.pdf , page36 used on input line 10.
(pdftex.def)             Requested size: 699.09099pt x 988.71404pt.
 [49 <./externaldocs/python-microservice-base/MicroserviceBase.pdf>]
<./externaldocs/python-microservice-base/MicroserviceBase.pdf, id=462, page=37,
 597.50829pt x 845.0471pt>
File: ./externaldocs/python-microservice-base/MicroserviceBase.pdf Graphic file
 (type pdf)
<use ./externaldocs/python-microservice-base/MicroserviceBase.pdf, page 37>
Package pdftex.def Info: ./externaldocs/python-microservice-base/MicroserviceBa
se.pdf , page37 used on input line 10.
(pdftex.def)             Requested size: 699.09099pt x 988.71404pt.
File: ./externaldocs/python-microservice-base/MicroserviceBase.pdf Graphic file
 (type pdf)
<use ./externaldocs/python-microservice-base/MicroserviceBase.pdf, page 37>
Package pdftex.def Info: ./externaldocs/python-microservice-base/MicroserviceBa
se.pdf , page37 used on input line 10.
(pdftex.def)             Requested size: 699.09099pt x 988.71404pt.
File: ./externaldocs/python-microservice-base/MicroserviceBase.pdf Graphic file
 (type pdf)
<use ./externaldocs/python-microservice-base/MicroserviceBase.pdf, page 37>
Package pdftex.def Info: ./externaldocs/python-microservice-base/MicroserviceBa
se.pdf , page37 used on input line 10.
(pdftex.def)             Requested size: 699.09099pt x 988.71404pt.
 [50 <./externaldocs/python-microservice-base/MicroserviceBase.pdf>]
<./externaldocs/python-microservice-base/MicroserviceBase.pdf, id=467, page=38,
 597.50829pt x 845.0471pt>
File: ./externaldocs/python-microservice-base/MicroserviceBase.pdf Graphic file
 (type pdf)
<use ./externaldocs/python-microservice-base/MicroserviceBase.pdf, page 38>
Package pdftex.def Info: ./externaldocs/python-microservice-base/MicroserviceBa
se.pdf , page38 used on input line 10.
(pdftex.def)             Requested size: 699.09099pt x 988.71404pt.
File: ./externaldocs/python-microservice-base/MicroserviceBase.pdf Graphic file
 (type pdf)
<use ./externaldocs/python-microservice-base/MicroserviceBase.pdf, page 38>
Package pdftex.def Info: ./externaldocs/python-microservice-base/MicroserviceBa
se.pdf , page38 used on input line 10.
(pdftex.def)             Requested size: 699.09099pt x 988.71404pt.
File: ./externaldocs/python-microservice-base/MicroserviceBase.pdf Graphic file
 (type pdf)
<use ./externaldocs/python-microservice-base/MicroserviceBase.pdf, page 38>
Package pdftex.def Info: ./externaldocs/python-microservice-base/MicroserviceBa
se.pdf , page38 used on input line 10.
(pdftex.def)             Requested size: 699.09099pt x 988.71404pt.
 [51 <./externaldocs/python-microservice-base/MicroserviceBase.pdf>]
<./externaldocs/python-microservice-base/MicroserviceBase.pdf, id=472, page=39,
 597.50829pt x 845.0471pt>
File: ./externaldocs/python-microservice-base/MicroserviceBase.pdf Graphic file
 (type pdf)
<use ./externaldocs/python-microservice-base/MicroserviceBase.pdf, page 39>
Package pdftex.def Info: ./externaldocs/python-microservice-base/MicroserviceBa
se.pdf , page39 used on input line 10.
(pdftex.def)             Requested size: 699.09099pt x 988.71404pt.
File: ./externaldocs/python-microservice-base/MicroserviceBase.pdf Graphic file
 (type pdf)
<use ./externaldocs/python-microservice-base/MicroserviceBase.pdf, page 39>
Package pdftex.def Info: ./externaldocs/python-microservice-base/MicroserviceBa
se.pdf , page39 used on input line 10.
(pdftex.def)             Requested size: 699.09099pt x 988.71404pt.
File: ./externaldocs/python-microservice-base/MicroserviceBase.pdf Graphic file
 (type pdf)
<use ./externaldocs/python-microservice-base/MicroserviceBase.pdf, page 39>
Package pdftex.def Info: ./externaldocs/python-microservice-base/MicroserviceBa
se.pdf , page39 used on input line 10.
(pdftex.def)             Requested size: 699.09099pt x 988.71404pt.
 [52 <./externaldocs/python-microservice-base/MicroserviceBase.pdf>]
<./externaldocs/python-microservice-base/MicroserviceBase.pdf, id=477, page=40,
 597.50829pt x 845.0471pt>
File: ./externaldocs/python-microservice-base/MicroserviceBase.pdf Graphic file
 (type pdf)
<use ./externaldocs/python-microservice-base/MicroserviceBase.pdf, page 40>
Package pdftex.def Info: ./externaldocs/python-microservice-base/MicroserviceBa
se.pdf , page40 used on input line 10.
(pdftex.def)             Requested size: 699.09099pt x 988.71404pt.
File: ./externaldocs/python-microservice-base/MicroserviceBase.pdf Graphic file
 (type pdf)
<use ./externaldocs/python-microservice-base/MicroserviceBase.pdf, page 40>
Package pdftex.def Info: ./externaldocs/python-microservice-base/MicroserviceBa
se.pdf , page40 used on input line 10.
(pdftex.def)             Requested size: 699.09099pt x 988.71404pt.
File: ./externaldocs/python-microservice-base/MicroserviceBase.pdf Graphic file
 (type pdf)
<use ./externaldocs/python-microservice-base/MicroserviceBase.pdf, page 40>
Package pdftex.def Info: ./externaldocs/python-microservice-base/MicroserviceBa
se.pdf , page40 used on input line 10.
(pdftex.def)             Requested size: 699.09099pt x 988.71404pt.
 [53 <./externaldocs/python-microservice-base/MicroserviceBase.pdf>]
<./externaldocs/python-microservice-base/MicroserviceBase.pdf, id=489, page=41,
 597.50829pt x 845.0471pt>
File: ./externaldocs/python-microservice-base/MicroserviceBase.pdf Graphic file
 (type pdf)
<use ./externaldocs/python-microservice-base/MicroserviceBase.pdf, page 41>
Package pdftex.def Info: ./externaldocs/python-microservice-base/MicroserviceBa
se.pdf , page41 used on input line 10.
(pdftex.def)             Requested size: 699.09099pt x 988.71404pt.
File: ./externaldocs/python-microservice-base/MicroserviceBase.pdf Graphic file
 (type pdf)
<use ./externaldocs/python-microservice-base/MicroserviceBase.pdf, page 41>
Package pdftex.def Info: ./externaldocs/python-microservice-base/MicroserviceBa
se.pdf , page41 used on input line 10.
(pdftex.def)             Requested size: 699.09099pt x 988.71404pt.
File: ./externaldocs/python-microservice-base/MicroserviceBase.pdf Graphic file
 (type pdf)
<use ./externaldocs/python-microservice-base/MicroserviceBase.pdf, page 41>
Package pdftex.def Info: ./externaldocs/python-microservice-base/MicroserviceBa
se.pdf , page41 used on input line 10.
(pdftex.def)             Requested size: 699.09099pt x 988.71404pt.
 [54 <./externaldocs/python-microservice-base/MicroserviceBase.pdf>]
<./externaldocs/python-microservice-cleware-switch/MicroserviceClewareSwitch.pd
f, id=494, 597.50829pt x 845.0471pt>
File: ./externaldocs/python-microservice-cleware-switch/MicroserviceClewareSwit
ch.pdf Graphic file (type pdf)
<use ./externaldocs/python-microservice-cleware-switch/MicroserviceClewareSwitc
h.pdf>
Package pdftex.def Info: ./externaldocs/python-microservice-cleware-switch/Micr
oserviceClewareSwitch.pdf  used on input line 11.
(pdftex.def)             Requested size: 597.50682pt x 845.04504pt.
File: ./externaldocs/python-microservice-cleware-switch/MicroserviceClewareSwit
ch.pdf Graphic file (type pdf)
<use ./externaldocs/python-microservice-cleware-switch/MicroserviceClewareSwitc
h.pdf>
Package pdftex.def Info: ./externaldocs/python-microservice-cleware-switch/Micr
oserviceClewareSwitch.pdf  used on input line 11.
(pdftex.def)             Requested size: 597.50682pt x 845.04504pt.
<./externaldocs/python-microservice-cleware-switch/MicroserviceClewareSwitch.pd
f, id=497, page=1, 597.50829pt x 845.0471pt>
File: ./externaldocs/python-microservice-cleware-switch/MicroserviceClewareSwit
ch.pdf Graphic file (type pdf)
<use ./externaldocs/python-microservice-cleware-switch/MicroserviceClewareSwitc
h.pdf, page 1>
Package pdftex.def Info: ./externaldocs/python-microservice-cleware-switch/Micr
oserviceClewareSwitch.pdf , page1 used on input line 11.
(pdftex.def)             Requested size: 597.50682pt x 845.04504pt.
File: ./externaldocs/python-microservice-cleware-switch/MicroserviceClewareSwit
ch.pdf Graphic file (type pdf)
<use ./externaldocs/python-microservice-cleware-switch/MicroserviceClewareSwitc
h.pdf, page 1>
Package pdftex.def Info: ./externaldocs/python-microservice-cleware-switch/Micr
oserviceClewareSwitch.pdf , page1 used on input line 11.
(pdftex.def)             Requested size: 597.53416pt x 845.08372pt.
File: ./externaldocs/python-microservice-cleware-switch/MicroserviceClewareSwit
ch.pdf Graphic file (type pdf)
<use ./externaldocs/python-microservice-cleware-switch/MicroserviceClewareSwitc
h.pdf, page 1>
Package pdftex.def Info: ./externaldocs/python-microservice-cleware-switch/Micr
oserviceClewareSwitch.pdf , page1 used on input line 11.
(pdftex.def)             Requested size: 597.53416pt x 845.08372pt.
File: ./externaldocs/python-microservice-cleware-switch/MicroserviceClewareSwit
ch.pdf Graphic file (type pdf)
<use ./externaldocs/python-microservice-cleware-switch/MicroserviceClewareSwitc
h.pdf, page 1>
Package pdftex.def Info: ./externaldocs/python-microservice-cleware-switch/Micr
oserviceClewareSwitch.pdf , page1 used on input line 11.
(pdftex.def)             Requested size: 597.53416pt x 845.08372pt.
File: ./externaldocs/python-microservice-cleware-switch/MicroserviceClewareSwit
ch.pdf Graphic file (type pdf)
<use ./externaldocs/python-microservice-cleware-switch/MicroserviceClewareSwitc
h.pdf, page 1>
Package pdftex.def Info: ./externaldocs/python-microservice-cleware-switch/Micr
oserviceClewareSwitch.pdf , page1 used on input line 11.
(pdftex.def)             Requested size: 597.53416pt x 845.08372pt.
 [55 <./externaldocs/python-microservice-cleware-switch/MicroserviceClewareSwit
ch.pdf>]
File: ./externaldocs/python-microservice-cleware-switch/MicroserviceClewareSwit
ch.pdf Graphic file (type pdf)
<use ./externaldocs/python-microservice-cleware-switch/MicroserviceClewareSwitc
h.pdf>
Package pdftex.def Info: ./externaldocs/python-microservice-cleware-switch/Micr
oserviceClewareSwitch.pdf  used on input line 12.
(pdftex.def)             Requested size: 597.50682pt x 845.04504pt.
File: ./externaldocs/python-microservice-cleware-switch/MicroserviceClewareSwit
ch.pdf Graphic file (type pdf)
<use ./externaldocs/python-microservice-cleware-switch/MicroserviceClewareSwitc
h.pdf>
Package pdftex.def Info: ./externaldocs/python-microservice-cleware-switch/Micr
oserviceClewareSwitch.pdf  used on input line 12.
(pdftex.def)             Requested size: 597.50682pt x 845.04504pt.
<./externaldocs/python-microservice-cleware-switch/MicroserviceClewareSwitch.pd
f, id=513, page=2, 597.50829pt x 845.0471pt>
File: ./externaldocs/python-microservice-cleware-switch/MicroserviceClewareSwit
ch.pdf Graphic file (type pdf)
<use ./externaldocs/python-microservice-cleware-switch/MicroserviceClewareSwitc
h.pdf, page 2>
Package pdftex.def Info: ./externaldocs/python-microservice-cleware-switch/Micr
oserviceClewareSwitch.pdf , page2 used on input line 12.
(pdftex.def)             Requested size: 510.0pt x 721.28493pt.
File: ./externaldocs/python-microservice-cleware-switch/MicroserviceClewareSwit
ch.pdf Graphic file (type pdf)
<use ./externaldocs/python-microservice-cleware-switch/MicroserviceClewareSwitc
h.pdf, page 2>
Package pdftex.def Info: ./externaldocs/python-microservice-cleware-switch/Micr
oserviceClewareSwitch.pdf , page2 used on input line 12.
(pdftex.def)             Requested size: 699.09099pt x 988.71404pt.
File: ./externaldocs/python-microservice-cleware-switch/MicroserviceClewareSwit
ch.pdf Graphic file (type pdf)
<use ./externaldocs/python-microservice-cleware-switch/MicroserviceClewareSwitc
h.pdf, page 2>
Package pdftex.def Info: ./externaldocs/python-microservice-cleware-switch/Micr
oserviceClewareSwitch.pdf , page2 used on input line 12.
(pdftex.def)             Requested size: 699.09099pt x 988.71404pt.
File: ./externaldocs/python-microservice-cleware-switch/MicroserviceClewareSwit
ch.pdf Graphic file (type pdf)
<use ./externaldocs/python-microservice-cleware-switch/MicroserviceClewareSwitc
h.pdf, page 2>
Package pdftex.def Info: ./externaldocs/python-microservice-cleware-switch/Micr
oserviceClewareSwitch.pdf , page2 used on input line 12.
(pdftex.def)             Requested size: 699.09099pt x 988.71404pt.
File: ./externaldocs/python-microservice-cleware-switch/MicroserviceClewareSwit
ch.pdf Graphic file (type pdf)
<use ./externaldocs/python-microservice-cleware-switch/MicroserviceClewareSwitc
h.pdf, page 2>
Package pdftex.def Info: ./externaldocs/python-microservice-cleware-switch/Micr
oserviceClewareSwitch.pdf , page2 used on input line 12.
(pdftex.def)             Requested size: 699.09099pt x 988.71404pt.
 [56 <./externaldocs/python-microservice-cleware-switch/MicroserviceClewareSwit
ch.pdf>]
<./externaldocs/python-microservice-cleware-switch/MicroserviceClewareSwitch.pd
f, id=530, page=3, 597.50829pt x 845.0471pt>
File: ./externaldocs/python-microservice-cleware-switch/MicroserviceClewareSwit
ch.pdf Graphic file (type pdf)
<use ./externaldocs/python-microservice-cleware-switch/MicroserviceClewareSwitc
h.pdf, page 3>
Package pdftex.def Info: ./externaldocs/python-microservice-cleware-switch/Micr
oserviceClewareSwitch.pdf , page3 used on input line 12.
(pdftex.def)             Requested size: 699.09099pt x 988.71404pt.
File: ./externaldocs/python-microservice-cleware-switch/MicroserviceClewareSwit
ch.pdf Graphic file (type pdf)
<use ./externaldocs/python-microservice-cleware-switch/MicroserviceClewareSwitc
h.pdf, page 3>
Package pdftex.def Info: ./externaldocs/python-microservice-cleware-switch/Micr
oserviceClewareSwitch.pdf , page3 used on input line 12.
(pdftex.def)             Requested size: 699.09099pt x 988.71404pt.
File: ./externaldocs/python-microservice-cleware-switch/MicroserviceClewareSwit
ch.pdf Graphic file (type pdf)
<use ./externaldocs/python-microservice-cleware-switch/MicroserviceClewareSwitc
h.pdf, page 3>
Package pdftex.def Info: ./externaldocs/python-microservice-cleware-switch/Micr
oserviceClewareSwitch.pdf , page3 used on input line 12.
(pdftex.def)             Requested size: 699.09099pt x 988.71404pt.
 [57 <./externaldocs/python-microservice-cleware-switch/MicroserviceClewareSwit
ch.pdf>]
<./externaldocs/python-microservice-cleware-switch/MicroserviceClewareSwitch.pd
f, id=535, page=4, 597.50829pt x 845.0471pt>
File: ./externaldocs/python-microservice-cleware-switch/MicroserviceClewareSwit
ch.pdf Graphic file (type pdf)
<use ./externaldocs/python-microservice-cleware-switch/MicroserviceClewareSwitc
h.pdf, page 4>
Package pdftex.def Info: ./externaldocs/python-microservice-cleware-switch/Micr
oserviceClewareSwitch.pdf , page4 used on input line 12.
(pdftex.def)             Requested size: 699.09099pt x 988.71404pt.
File: ./externaldocs/python-microservice-cleware-switch/MicroserviceClewareSwit
ch.pdf Graphic file (type pdf)
<use ./externaldocs/python-microservice-cleware-switch/MicroserviceClewareSwitc
h.pdf, page 4>
Package pdftex.def Info: ./externaldocs/python-microservice-cleware-switch/Micr
oserviceClewareSwitch.pdf , page4 used on input line 12.
(pdftex.def)             Requested size: 699.09099pt x 988.71404pt.
File: ./externaldocs/python-microservice-cleware-switch/MicroserviceClewareSwit
ch.pdf Graphic file (type pdf)
<use ./externaldocs/python-microservice-cleware-switch/MicroserviceClewareSwitc
h.pdf, page 4>
Package pdftex.def Info: ./externaldocs/python-microservice-cleware-switch/Micr
oserviceClewareSwitch.pdf , page4 used on input line 12.
(pdftex.def)             Requested size: 699.09099pt x 988.71404pt.
 [58 <./externaldocs/python-microservice-cleware-switch/MicroserviceClewareSwit
ch.pdf>]
<./externaldocs/python-microservice-cleware-switch/MicroserviceClewareSwitch.pd
f, id=540, page=5, 597.50829pt x 845.0471pt>
File: ./externaldocs/python-microservice-cleware-switch/MicroserviceClewareSwit
ch.pdf Graphic file (type pdf)
<use ./externaldocs/python-microservice-cleware-switch/MicroserviceClewareSwitc
h.pdf, page 5>
Package pdftex.def Info: ./externaldocs/python-microservice-cleware-switch/Micr
oserviceClewareSwitch.pdf , page5 used on input line 12.
(pdftex.def)             Requested size: 699.09099pt x 988.71404pt.
File: ./externaldocs/python-microservice-cleware-switch/MicroserviceClewareSwit
ch.pdf Graphic file (type pdf)
<use ./externaldocs/python-microservice-cleware-switch/MicroserviceClewareSwitc
h.pdf, page 5>
Package pdftex.def Info: ./externaldocs/python-microservice-cleware-switch/Micr
oserviceClewareSwitch.pdf , page5 used on input line 12.
(pdftex.def)             Requested size: 699.09099pt x 988.71404pt.
File: ./externaldocs/python-microservice-cleware-switch/MicroserviceClewareSwit
ch.pdf Graphic file (type pdf)
<use ./externaldocs/python-microservice-cleware-switch/MicroserviceClewareSwitc
h.pdf, page 5>
Package pdftex.def Info: ./externaldocs/python-microservice-cleware-switch/Micr
oserviceClewareSwitch.pdf , page5 used on input line 12.
(pdftex.def)             Requested size: 699.09099pt x 988.71404pt.
 [59 <./externaldocs/python-microservice-cleware-switch/MicroserviceClewareSwit
ch.pdf>]
<./externaldocs/python-microservice-cleware-switch/MicroserviceClewareSwitch.pd
f, id=546, page=6, 597.50829pt x 845.0471pt>
File: ./externaldocs/python-microservice-cleware-switch/MicroserviceClewareSwit
ch.pdf Graphic file (type pdf)
<use ./externaldocs/python-microservice-cleware-switch/MicroserviceClewareSwitc
h.pdf, page 6>
Package pdftex.def Info: ./externaldocs/python-microservice-cleware-switch/Micr
oserviceClewareSwitch.pdf , page6 used on input line 12.
(pdftex.def)             Requested size: 699.09099pt x 988.71404pt.
File: ./externaldocs/python-microservice-cleware-switch/MicroserviceClewareSwit
ch.pdf Graphic file (type pdf)
<use ./externaldocs/python-microservice-cleware-switch/MicroserviceClewareSwitc
h.pdf, page 6>
Package pdftex.def Info: ./externaldocs/python-microservice-cleware-switch/Micr
oserviceClewareSwitch.pdf , page6 used on input line 12.
(pdftex.def)             Requested size: 699.09099pt x 988.71404pt.
File: ./externaldocs/python-microservice-cleware-switch/MicroserviceClewareSwit
ch.pdf Graphic file (type pdf)
<use ./externaldocs/python-microservice-cleware-switch/MicroserviceClewareSwitc
h.pdf, page 6>
Package pdftex.def Info: ./externaldocs/python-microservice-cleware-switch/Micr
oserviceClewareSwitch.pdf , page6 used on input line 12.
(pdftex.def)             Requested size: 699.09099pt x 988.71404pt.
 [60 <./externaldocs/python-microservice-cleware-switch/MicroserviceClewareSwit
ch.pdf>]
<./externaldocs/python-microservice-cleware-switch/MicroserviceClewareSwitch.pd
f, id=551, page=7, 597.50829pt x 845.0471pt>
File: ./externaldocs/python-microservice-cleware-switch/MicroserviceClewareSwit
ch.pdf Graphic file (type pdf)
<use ./externaldocs/python-microservice-cleware-switch/MicroserviceClewareSwitc
h.pdf, page 7>
Package pdftex.def Info: ./externaldocs/python-microservice-cleware-switch/Micr
oserviceClewareSwitch.pdf , page7 used on input line 12.
(pdftex.def)             Requested size: 699.09099pt x 988.71404pt.
File: ./externaldocs/python-microservice-cleware-switch/MicroserviceClewareSwit
ch.pdf Graphic file (type pdf)
<use ./externaldocs/python-microservice-cleware-switch/MicroserviceClewareSwitc
h.pdf, page 7>
Package pdftex.def Info: ./externaldocs/python-microservice-cleware-switch/Micr
oserviceClewareSwitch.pdf , page7 used on input line 12.
(pdftex.def)             Requested size: 699.09099pt x 988.71404pt.
File: ./externaldocs/python-microservice-cleware-switch/MicroserviceClewareSwit
ch.pdf Graphic file (type pdf)
<use ./externaldocs/python-microservice-cleware-switch/MicroserviceClewareSwitc
h.pdf, page 7>
Package pdftex.def Info: ./externaldocs/python-microservice-cleware-switch/Micr
oserviceClewareSwitch.pdf , page7 used on input line 12.
(pdftex.def)             Requested size: 699.09099pt x 988.71404pt.
 [61 <./externaldocs/python-microservice-cleware-switch/MicroserviceClewareSwit
ch.pdf>]
<./externaldocs/python-microservice-cleware-switch/MicroserviceClewareSwitch.pd
f, id=556, page=8, 597.50829pt x 845.0471pt>
File: ./externaldocs/python-microservice-cleware-switch/MicroserviceClewareSwit
ch.pdf Graphic file (type pdf)
<use ./externaldocs/python-microservice-cleware-switch/MicroserviceClewareSwitc
h.pdf, page 8>
Package pdftex.def Info: ./externaldocs/python-microservice-cleware-switch/Micr
oserviceClewareSwitch.pdf , page8 used on input line 12.
(pdftex.def)             Requested size: 699.09099pt x 988.71404pt.
File: ./externaldocs/python-microservice-cleware-switch/MicroserviceClewareSwit
ch.pdf Graphic file (type pdf)
<use ./externaldocs/python-microservice-cleware-switch/MicroserviceClewareSwitc
h.pdf, page 8>
Package pdftex.def Info: ./externaldocs/python-microservice-cleware-switch/Micr
oserviceClewareSwitch.pdf , page8 used on input line 12.
(pdftex.def)             Requested size: 699.09099pt x 988.71404pt.
File: ./externaldocs/python-microservice-cleware-switch/MicroserviceClewareSwit
ch.pdf Graphic file (type pdf)
<use ./externaldocs/python-microservice-cleware-switch/MicroserviceClewareSwitc
h.pdf, page 8>
Package pdftex.def Info: ./externaldocs/python-microservice-cleware-switch/Micr
oserviceClewareSwitch.pdf , page8 used on input line 12.
(pdftex.def)             Requested size: 699.09099pt x 988.71404pt.
 [62 <./externaldocs/python-microservice-cleware-switch/MicroserviceClewareSwit
ch.pdf>]
<./externaldocs/python-microservice-cleware-switch/MicroserviceClewareSwitch.pd
f, id=575, page=9, 597.50829pt x 845.0471pt>
File: ./externaldocs/python-microservice-cleware-switch/MicroserviceClewareSwit
ch.pdf Graphic file (type pdf)
<use ./externaldocs/python-microservice-cleware-switch/MicroserviceClewareSwitc
h.pdf, page 9>
Package pdftex.def Info: ./externaldocs/python-microservice-cleware-switch/Micr
oserviceClewareSwitch.pdf , page9 used on input line 12.
(pdftex.def)             Requested size: 699.09099pt x 988.71404pt.
File: ./externaldocs/python-microservice-cleware-switch/MicroserviceClewareSwit
ch.pdf Graphic file (type pdf)
<use ./externaldocs/python-microservice-cleware-switch/MicroserviceClewareSwitc
h.pdf, page 9>
Package pdftex.def Info: ./externaldocs/python-microservice-cleware-switch/Micr
oserviceClewareSwitch.pdf , page9 used on input line 12.
(pdftex.def)             Requested size: 699.09099pt x 988.71404pt.
File: ./externaldocs/python-microservice-cleware-switch/MicroserviceClewareSwit
ch.pdf Graphic file (type pdf)
<use ./externaldocs/python-microservice-cleware-switch/MicroserviceClewareSwitc
h.pdf, page 9>
Package pdftex.def Info: ./externaldocs/python-microservice-cleware-switch/Micr
oserviceClewareSwitch.pdf , page9 used on input line 12.
(pdftex.def)             Requested size: 699.09099pt x 988.71404pt.
 [63 <./externaldocs/python-microservice-cleware-switch/MicroserviceClewareSwit
ch.pdf>]
<./externaldocs/python-microservice-cleware-switch/MicroserviceClewareSwitch.pd
f, id=580, page=10, 597.50829pt x 845.0471pt>
File: ./externaldocs/python-microservice-cleware-switch/MicroserviceClewareSwit
ch.pdf Graphic file (type pdf)
<use ./externaldocs/python-microservice-cleware-switch/MicroserviceClewareSwitc
h.pdf, page 10>
Package pdftex.def Info: ./externaldocs/python-microservice-cleware-switch/Micr
oserviceClewareSwitch.pdf , page10 used on input line 12.
(pdftex.def)             Requested size: 699.09099pt x 988.71404pt.
File: ./externaldocs/python-microservice-cleware-switch/MicroserviceClewareSwit
ch.pdf Graphic file (type pdf)
<use ./externaldocs/python-microservice-cleware-switch/MicroserviceClewareSwitc
h.pdf, page 10>
Package pdftex.def Info: ./externaldocs/python-microservice-cleware-switch/Micr
oserviceClewareSwitch.pdf , page10 used on input line 12.
(pdftex.def)             Requested size: 699.09099pt x 988.71404pt.
File: ./externaldocs/python-microservice-cleware-switch/MicroserviceClewareSwit
ch.pdf Graphic file (type pdf)
<use ./externaldocs/python-microservice-cleware-switch/MicroserviceClewareSwitc
h.pdf, page 10>
Package pdftex.def Info: ./externaldocs/python-microservice-cleware-switch/Micr
oserviceClewareSwitch.pdf , page10 used on input line 12.
(pdftex.def)             Requested size: 699.09099pt x 988.71404pt.

[64 <./externaldocs/python-microservice-cleware-switch/MicroserviceClewareSwitc
h.pdf>]
<./externaldocs/python-microservice-cleware-switch/MicroserviceClewareSwitch.pd
f, id=585, page=11, 597.50829pt x 845.0471pt>
File: ./externaldocs/python-microservice-cleware-switch/MicroserviceClewareSwit
ch.pdf Graphic file (type pdf)
<use ./externaldocs/python-microservice-cleware-switch/MicroserviceClewareSwitc
h.pdf, page 11>
Package pdftex.def Info: ./externaldocs/python-microservice-cleware-switch/Micr
oserviceClewareSwitch.pdf , page11 used on input line 12.
(pdftex.def)             Requested size: 699.09099pt x 988.71404pt.
File: ./externaldocs/python-microservice-cleware-switch/MicroserviceClewareSwit
ch.pdf Graphic file (type pdf)
<use ./externaldocs/python-microservice-cleware-switch/MicroserviceClewareSwitc
h.pdf, page 11>
Package pdftex.def Info: ./externaldocs/python-microservice-cleware-switch/Micr
oserviceClewareSwitch.pdf , page11 used on input line 12.
(pdftex.def)             Requested size: 699.09099pt x 988.71404pt.
File: ./externaldocs/python-microservice-cleware-switch/MicroserviceClewareSwit
ch.pdf Graphic file (type pdf)
<use ./externaldocs/python-microservice-cleware-switch/MicroserviceClewareSwitc
h.pdf, page 11>
Package pdftex.def Info: ./externaldocs/python-microservice-cleware-switch/Micr
oserviceClewareSwitch.pdf , page11 used on input line 12.
(pdftex.def)             Requested size: 699.09099pt x 988.71404pt.
 [65 <./externaldocs/python-microservice-cleware-switch/MicroserviceClewareSwit
ch.pdf>]
<./externaldocs/python-microservice-cleware-switch/MicroserviceClewareSwitch.pd
f, id=599, page=12, 597.50829pt x 845.0471pt>
File: ./externaldocs/python-microservice-cleware-switch/MicroserviceClewareSwit
ch.pdf Graphic file (type pdf)
<use ./externaldocs/python-microservice-cleware-switch/MicroserviceClewareSwitc
h.pdf, page 12>
Package pdftex.def Info: ./externaldocs/python-microservice-cleware-switch/Micr
oserviceClewareSwitch.pdf , page12 used on input line 12.
(pdftex.def)             Requested size: 699.09099pt x 988.71404pt.
File: ./externaldocs/python-microservice-cleware-switch/MicroserviceClewareSwit
ch.pdf Graphic file (type pdf)
<use ./externaldocs/python-microservice-cleware-switch/MicroserviceClewareSwitc
h.pdf, page 12>
Package pdftex.def Info: ./externaldocs/python-microservice-cleware-switch/Micr
oserviceClewareSwitch.pdf , page12 used on input line 12.
(pdftex.def)             Requested size: 699.09099pt x 988.71404pt.
File: ./externaldocs/python-microservice-cleware-switch/MicroserviceClewareSwit
ch.pdf Graphic file (type pdf)
<use ./externaldocs/python-microservice-cleware-switch/MicroserviceClewareSwitc
h.pdf, page 12>
Package pdftex.def Info: ./externaldocs/python-microservice-cleware-switch/Micr
oserviceClewareSwitch.pdf , page12 used on input line 12.
(pdftex.def)             Requested size: 699.09099pt x 988.71404pt.
 [66 <./externaldocs/python-microservice-cleware-switch/MicroserviceClewareSwit
ch.pdf>]
<./externaldocs/python-microservice-cleware-switch/MicroserviceClewareSwitch.pd
f, id=604, page=13, 597.50829pt x 845.0471pt>
File: ./externaldocs/python-microservice-cleware-switch/MicroserviceClewareSwit
ch.pdf Graphic file (type pdf)
<use ./externaldocs/python-microservice-cleware-switch/MicroserviceClewareSwitc
h.pdf, page 13>
Package pdftex.def Info: ./externaldocs/python-microservice-cleware-switch/Micr
oserviceClewareSwitch.pdf , page13 used on input line 12.
(pdftex.def)             Requested size: 699.09099pt x 988.71404pt.
File: ./externaldocs/python-microservice-cleware-switch/MicroserviceClewareSwit
ch.pdf Graphic file (type pdf)
<use ./externaldocs/python-microservice-cleware-switch/MicroserviceClewareSwitc
h.pdf, page 13>
Package pdftex.def Info: ./externaldocs/python-microservice-cleware-switch/Micr
oserviceClewareSwitch.pdf , page13 used on input line 12.
(pdftex.def)             Requested size: 699.09099pt x 988.71404pt.
File: ./externaldocs/python-microservice-cleware-switch/MicroserviceClewareSwit
ch.pdf Graphic file (type pdf)
<use ./externaldocs/python-microservice-cleware-switch/MicroserviceClewareSwitc
h.pdf, page 13>
Package pdftex.def Info: ./externaldocs/python-microservice-cleware-switch/Micr
oserviceClewareSwitch.pdf , page13 used on input line 12.
(pdftex.def)             Requested size: 699.09099pt x 988.71404pt.
 [67 <./externaldocs/python-microservice-cleware-switch/MicroserviceClewareSwit
ch.pdf>]
<./externaldocs/python-microservice-cleware-switch/MicroserviceClewareSwitch.pd
f, id=609, page=14, 597.50829pt x 845.0471pt>
File: ./externaldocs/python-microservice-cleware-switch/MicroserviceClewareSwit
ch.pdf Graphic file (type pdf)
<use ./externaldocs/python-microservice-cleware-switch/MicroserviceClewareSwitc
h.pdf, page 14>
Package pdftex.def Info: ./externaldocs/python-microservice-cleware-switch/Micr
oserviceClewareSwitch.pdf , page14 used on input line 12.
(pdftex.def)             Requested size: 699.09099pt x 988.71404pt.
File: ./externaldocs/python-microservice-cleware-switch/MicroserviceClewareSwit
ch.pdf Graphic file (type pdf)
<use ./externaldocs/python-microservice-cleware-switch/MicroserviceClewareSwitc
h.pdf, page 14>
Package pdftex.def Info: ./externaldocs/python-microservice-cleware-switch/Micr
oserviceClewareSwitch.pdf , page14 used on input line 12.
(pdftex.def)             Requested size: 699.09099pt x 988.71404pt.
File: ./externaldocs/python-microservice-cleware-switch/MicroserviceClewareSwit
ch.pdf Graphic file (type pdf)
<use ./externaldocs/python-microservice-cleware-switch/MicroserviceClewareSwitc
h.pdf, page 14>
Package pdftex.def Info: ./externaldocs/python-microservice-cleware-switch/Micr
oserviceClewareSwitch.pdf , page14 used on input line 12.
(pdftex.def)             Requested size: 699.09099pt x 988.71404pt.
 [68 <./externaldocs/python-microservice-cleware-switch/MicroserviceClewareSwit
ch.pdf>]
<./externaldocs/python-microservice-cleware-switch/MicroserviceClewareSwitch.pd
f, id=614, page=15, 597.50829pt x 845.0471pt>
File: ./externaldocs/python-microservice-cleware-switch/MicroserviceClewareSwit
ch.pdf Graphic file (type pdf)
<use ./externaldocs/python-microservice-cleware-switch/MicroserviceClewareSwitc
h.pdf, page 15>
Package pdftex.def Info: ./externaldocs/python-microservice-cleware-switch/Micr
oserviceClewareSwitch.pdf , page15 used on input line 12.
(pdftex.def)             Requested size: 699.09099pt x 988.71404pt.
File: ./externaldocs/python-microservice-cleware-switch/MicroserviceClewareSwit
ch.pdf Graphic file (type pdf)
<use ./externaldocs/python-microservice-cleware-switch/MicroserviceClewareSwitc
h.pdf, page 15>
Package pdftex.def Info: ./externaldocs/python-microservice-cleware-switch/Micr
oserviceClewareSwitch.pdf , page15 used on input line 12.
(pdftex.def)             Requested size: 699.09099pt x 988.71404pt.
File: ./externaldocs/python-microservice-cleware-switch/MicroserviceClewareSwit
ch.pdf Graphic file (type pdf)
<use ./externaldocs/python-microservice-cleware-switch/MicroserviceClewareSwitc
h.pdf, page 15>
Package pdftex.def Info: ./externaldocs/python-microservice-cleware-switch/Micr
oserviceClewareSwitch.pdf , page15 used on input line 12.
(pdftex.def)             Requested size: 699.09099pt x 988.71404pt.
 [69 <./externaldocs/python-microservice-cleware-switch/MicroserviceClewareSwit
ch.pdf>]
<./externaldocs/python-microservice-cleware-switch/MicroserviceClewareSwitch.pd
f, id=619, page=16, 597.50829pt x 845.0471pt>
File: ./externaldocs/python-microservice-cleware-switch/MicroserviceClewareSwit
ch.pdf Graphic file (type pdf)
<use ./externaldocs/python-microservice-cleware-switch/MicroserviceClewareSwitc
h.pdf, page 16>
Package pdftex.def Info: ./externaldocs/python-microservice-cleware-switch/Micr
oserviceClewareSwitch.pdf , page16 used on input line 12.
(pdftex.def)             Requested size: 699.09099pt x 988.71404pt.
File: ./externaldocs/python-microservice-cleware-switch/MicroserviceClewareSwit
ch.pdf Graphic file (type pdf)
<use ./externaldocs/python-microservice-cleware-switch/MicroserviceClewareSwitc
h.pdf, page 16>
Package pdftex.def Info: ./externaldocs/python-microservice-cleware-switch/Micr
oserviceClewareSwitch.pdf , page16 used on input line 12.
(pdftex.def)             Requested size: 699.09099pt x 988.71404pt.
File: ./externaldocs/python-microservice-cleware-switch/MicroserviceClewareSwit
ch.pdf Graphic file (type pdf)
<use ./externaldocs/python-microservice-cleware-switch/MicroserviceClewareSwitc
h.pdf, page 16>
Package pdftex.def Info: ./externaldocs/python-microservice-cleware-switch/Micr
oserviceClewareSwitch.pdf , page16 used on input line 12.
(pdftex.def)             Requested size: 699.09099pt x 988.71404pt.
 [70 <./externaldocs/python-microservice-cleware-switch/MicroserviceClewareSwit
ch.pdf>]
<./externaldocs/python-microservice-cleware-switch/MicroserviceClewareSwitch.pd
f, id=624, page=17, 597.50829pt x 845.0471pt>
File: ./externaldocs/python-microservice-cleware-switch/MicroserviceClewareSwit
ch.pdf Graphic file (type pdf)
<use ./externaldocs/python-microservice-cleware-switch/MicroserviceClewareSwitc
h.pdf, page 17>
Package pdftex.def Info: ./externaldocs/python-microservice-cleware-switch/Micr
oserviceClewareSwitch.pdf , page17 used on input line 12.
(pdftex.def)             Requested size: 699.09099pt x 988.71404pt.
File: ./externaldocs/python-microservice-cleware-switch/MicroserviceClewareSwit
ch.pdf Graphic file (type pdf)
<use ./externaldocs/python-microservice-cleware-switch/MicroserviceClewareSwitc
h.pdf, page 17>
Package pdftex.def Info: ./externaldocs/python-microservice-cleware-switch/Micr
oserviceClewareSwitch.pdf , page17 used on input line 12.
(pdftex.def)             Requested size: 699.09099pt x 988.71404pt.
File: ./externaldocs/python-microservice-cleware-switch/MicroserviceClewareSwit
ch.pdf Graphic file (type pdf)
<use ./externaldocs/python-microservice-cleware-switch/MicroserviceClewareSwitc
h.pdf, page 17>
Package pdftex.def Info: ./externaldocs/python-microservice-cleware-switch/Micr
oserviceClewareSwitch.pdf , page17 used on input line 12.
(pdftex.def)             Requested size: 699.09099pt x 988.71404pt.
 [71 <./externaldocs/python-microservice-cleware-switch/MicroserviceClewareSwit
ch.pdf>]
<./externaldocs/python-microservice-cleware-switch/MicroserviceClewareSwitch.pd
f, id=630, page=18, 597.50829pt x 845.0471pt>
File: ./externaldocs/python-microservice-cleware-switch/MicroserviceClewareSwit
ch.pdf Graphic file (type pdf)
<use ./externaldocs/python-microservice-cleware-switch/MicroserviceClewareSwitc
h.pdf, page 18>
Package pdftex.def Info: ./externaldocs/python-microservice-cleware-switch/Micr
oserviceClewareSwitch.pdf , page18 used on input line 12.
(pdftex.def)             Requested size: 699.09099pt x 988.71404pt.
File: ./externaldocs/python-microservice-cleware-switch/MicroserviceClewareSwit
ch.pdf Graphic file (type pdf)
<use ./externaldocs/python-microservice-cleware-switch/MicroserviceClewareSwitc
h.pdf, page 18>
Package pdftex.def Info: ./externaldocs/python-microservice-cleware-switch/Micr
oserviceClewareSwitch.pdf , page18 used on input line 12.
(pdftex.def)             Requested size: 699.09099pt x 988.71404pt.
File: ./externaldocs/python-microservice-cleware-switch/MicroserviceClewareSwit
ch.pdf Graphic file (type pdf)
<use ./externaldocs/python-microservice-cleware-switch/MicroserviceClewareSwitc
h.pdf, page 18>
Package pdftex.def Info: ./externaldocs/python-microservice-cleware-switch/Micr
oserviceClewareSwitch.pdf , page18 used on input line 12.
(pdftex.def)             Requested size: 699.09099pt x 988.71404pt.
 [72 <./externaldocs/python-microservice-cleware-switch/MicroserviceClewareSwit
ch.pdf>]
<./externaldocs/python-microservice-cleware-switch/MicroserviceClewareSwitch.pd
f, id=635, page=19, 597.50829pt x 845.0471pt>
File: ./externaldocs/python-microservice-cleware-switch/MicroserviceClewareSwit
ch.pdf Graphic file (type pdf)
<use ./externaldocs/python-microservice-cleware-switch/MicroserviceClewareSwitc
h.pdf, page 19>
Package pdftex.def Info: ./externaldocs/python-microservice-cleware-switch/Micr
oserviceClewareSwitch.pdf , page19 used on input line 12.
(pdftex.def)             Requested size: 699.09099pt x 988.71404pt.
File: ./externaldocs/python-microservice-cleware-switch/MicroserviceClewareSwit
ch.pdf Graphic file (type pdf)
<use ./externaldocs/python-microservice-cleware-switch/MicroserviceClewareSwitc
h.pdf, page 19>
Package pdftex.def Info: ./externaldocs/python-microservice-cleware-switch/Micr
oserviceClewareSwitch.pdf , page19 used on input line 12.
(pdftex.def)             Requested size: 699.09099pt x 988.71404pt.
File: ./externaldocs/python-microservice-cleware-switch/MicroserviceClewareSwit
ch.pdf Graphic file (type pdf)
<use ./externaldocs/python-microservice-cleware-switch/MicroserviceClewareSwitc
h.pdf, page 19>
Package pdftex.def Info: ./externaldocs/python-microservice-cleware-switch/Micr
oserviceClewareSwitch.pdf , page19 used on input line 12.
(pdftex.def)             Requested size: 699.09099pt x 988.71404pt.

[73 <./externaldocs/python-microservice-cleware-switch/MicroserviceClewareSwitc
h.pdf>]
<./externaldocs/python-microservice-cleware-switch/MicroserviceClewareSwitch.pd
f, id=640, page=20, 597.50829pt x 845.0471pt>
File: ./externaldocs/python-microservice-cleware-switch/MicroserviceClewareSwit
ch.pdf Graphic file (type pdf)
<use ./externaldocs/python-microservice-cleware-switch/MicroserviceClewareSwitc
h.pdf, page 20>
Package pdftex.def Info: ./externaldocs/python-microservice-cleware-switch/Micr
oserviceClewareSwitch.pdf , page20 used on input line 12.
(pdftex.def)             Requested size: 699.09099pt x 988.71404pt.
File: ./externaldocs/python-microservice-cleware-switch/MicroserviceClewareSwit
ch.pdf Graphic file (type pdf)
<use ./externaldocs/python-microservice-cleware-switch/MicroserviceClewareSwitc
h.pdf, page 20>
Package pdftex.def Info: ./externaldocs/python-microservice-cleware-switch/Micr
oserviceClewareSwitch.pdf , page20 used on input line 12.
(pdftex.def)             Requested size: 699.09099pt x 988.71404pt.
File: ./externaldocs/python-microservice-cleware-switch/MicroserviceClewareSwit
ch.pdf Graphic file (type pdf)
<use ./externaldocs/python-microservice-cleware-switch/MicroserviceClewareSwitc
h.pdf, page 20>
Package pdftex.def Info: ./externaldocs/python-microservice-cleware-switch/Micr
oserviceClewareSwitch.pdf , page20 used on input line 12.
(pdftex.def)             Requested size: 699.09099pt x 988.71404pt.
 [74 <./externaldocs/python-microservice-cleware-switch/MicroserviceClewareSwit
ch.pdf>]
<./externaldocs/python-microservice-cleware-switch/MicroserviceClewareSwitch.pd
f, id=645, page=21, 597.50829pt x 845.0471pt>
File: ./externaldocs/python-microservice-cleware-switch/MicroserviceClewareSwit
ch.pdf Graphic file (type pdf)
<use ./externaldocs/python-microservice-cleware-switch/MicroserviceClewareSwitc
h.pdf, page 21>
Package pdftex.def Info: ./externaldocs/python-microservice-cleware-switch/Micr
oserviceClewareSwitch.pdf , page21 used on input line 12.
(pdftex.def)             Requested size: 699.09099pt x 988.71404pt.
File: ./externaldocs/python-microservice-cleware-switch/MicroserviceClewareSwit
ch.pdf Graphic file (type pdf)
<use ./externaldocs/python-microservice-cleware-switch/MicroserviceClewareSwitc
h.pdf, page 21>
Package pdftex.def Info: ./externaldocs/python-microservice-cleware-switch/Micr
oserviceClewareSwitch.pdf , page21 used on input line 12.
(pdftex.def)             Requested size: 699.09099pt x 988.71404pt.
File: ./externaldocs/python-microservice-cleware-switch/MicroserviceClewareSwit
ch.pdf Graphic file (type pdf)
<use ./externaldocs/python-microservice-cleware-switch/MicroserviceClewareSwitc
h.pdf, page 21>
Package pdftex.def Info: ./externaldocs/python-microservice-cleware-switch/Micr
oserviceClewareSwitch.pdf , page21 used on input line 12.
(pdftex.def)             Requested size: 699.09099pt x 988.71404pt.
 [75 <./externaldocs/python-microservice-cleware-switch/MicroserviceClewareSwit
ch.pdf>]
<./externaldocs/python-microservice-cleware-switch/MicroserviceClewareSwitch.pd
f, id=650, page=22, 597.50829pt x 845.0471pt>
File: ./externaldocs/python-microservice-cleware-switch/MicroserviceClewareSwit
ch.pdf Graphic file (type pdf)
<use ./externaldocs/python-microservice-cleware-switch/MicroserviceClewareSwitc
h.pdf, page 22>
Package pdftex.def Info: ./externaldocs/python-microservice-cleware-switch/Micr
oserviceClewareSwitch.pdf , page22 used on input line 12.
(pdftex.def)             Requested size: 699.09099pt x 988.71404pt.
File: ./externaldocs/python-microservice-cleware-switch/MicroserviceClewareSwit
ch.pdf Graphic file (type pdf)
<use ./externaldocs/python-microservice-cleware-switch/MicroserviceClewareSwitc
h.pdf, page 22>
Package pdftex.def Info: ./externaldocs/python-microservice-cleware-switch/Micr
oserviceClewareSwitch.pdf , page22 used on input line 12.
(pdftex.def)             Requested size: 699.09099pt x 988.71404pt.
File: ./externaldocs/python-microservice-cleware-switch/MicroserviceClewareSwit
ch.pdf Graphic file (type pdf)
<use ./externaldocs/python-microservice-cleware-switch/MicroserviceClewareSwitc
h.pdf, page 22>
Package pdftex.def Info: ./externaldocs/python-microservice-cleware-switch/Micr
oserviceClewareSwitch.pdf , page22 used on input line 12.
(pdftex.def)             Requested size: 699.09099pt x 988.71404pt.
 [76 <./externaldocs/python-microservice-cleware-switch/MicroserviceClewareSwit
ch.pdf>]
<./externaldocs/python-microservice-cleware-switch/MicroserviceClewareSwitch.pd
f, id=655, page=23, 597.50829pt x 845.0471pt>
File: ./externaldocs/python-microservice-cleware-switch/MicroserviceClewareSwit
ch.pdf Graphic file (type pdf)
<use ./externaldocs/python-microservice-cleware-switch/MicroserviceClewareSwitc
h.pdf, page 23>
Package pdftex.def Info: ./externaldocs/python-microservice-cleware-switch/Micr
oserviceClewareSwitch.pdf , page23 used on input line 12.
(pdftex.def)             Requested size: 699.09099pt x 988.71404pt.
File: ./externaldocs/python-microservice-cleware-switch/MicroserviceClewareSwit
ch.pdf Graphic file (type pdf)
<use ./externaldocs/python-microservice-cleware-switch/MicroserviceClewareSwitc
h.pdf, page 23>
Package pdftex.def Info: ./externaldocs/python-microservice-cleware-switch/Micr
oserviceClewareSwitch.pdf , page23 used on input line 12.
(pdftex.def)             Requested size: 699.09099pt x 988.71404pt.
File: ./externaldocs/python-microservice-cleware-switch/MicroserviceClewareSwit
ch.pdf Graphic file (type pdf)
<use ./externaldocs/python-microservice-cleware-switch/MicroserviceClewareSwitc
h.pdf, page 23>
Package pdftex.def Info: ./externaldocs/python-microservice-cleware-switch/Micr
oserviceClewareSwitch.pdf , page23 used on input line 12.
(pdftex.def)             Requested size: 699.09099pt x 988.71404pt.
 [77 <./externaldocs/python-microservice-cleware-switch/MicroserviceClewareSwit
ch.pdf>]
<./externaldocs/python-microservice-cleware-switch/MicroserviceClewareSwitch.pd
f, id=661, page=24, 597.50829pt x 845.0471pt>
File: ./externaldocs/python-microservice-cleware-switch/MicroserviceClewareSwit
ch.pdf Graphic file (type pdf)
<use ./externaldocs/python-microservice-cleware-switch/MicroserviceClewareSwitc
h.pdf, page 24>
Package pdftex.def Info: ./externaldocs/python-microservice-cleware-switch/Micr
oserviceClewareSwitch.pdf , page24 used on input line 12.
(pdftex.def)             Requested size: 699.09099pt x 988.71404pt.
File: ./externaldocs/python-microservice-cleware-switch/MicroserviceClewareSwit
ch.pdf Graphic file (type pdf)
<use ./externaldocs/python-microservice-cleware-switch/MicroserviceClewareSwitc
h.pdf, page 24>
Package pdftex.def Info: ./externaldocs/python-microservice-cleware-switch/Micr
oserviceClewareSwitch.pdf , page24 used on input line 12.
(pdftex.def)             Requested size: 699.09099pt x 988.71404pt.
File: ./externaldocs/python-microservice-cleware-switch/MicroserviceClewareSwit
ch.pdf Graphic file (type pdf)
<use ./externaldocs/python-microservice-cleware-switch/MicroserviceClewareSwitc
h.pdf, page 24>
Package pdftex.def Info: ./externaldocs/python-microservice-cleware-switch/Micr
oserviceClewareSwitch.pdf , page24 used on input line 12.
(pdftex.def)             Requested size: 699.09099pt x 988.71404pt.
 [78 <./externaldocs/python-microservice-cleware-switch/MicroserviceClewareSwit
ch.pdf>]
<./externaldocs/python-microservice-cleware-switch/MicroserviceClewareSwitch.pd
f, id=670, page=25, 597.50829pt x 845.0471pt>
File: ./externaldocs/python-microservice-cleware-switch/MicroserviceClewareSwit
ch.pdf Graphic file (type pdf)
<use ./externaldocs/python-microservice-cleware-switch/MicroserviceClewareSwitc
h.pdf, page 25>
Package pdftex.def Info: ./externaldocs/python-microservice-cleware-switch/Micr
oserviceClewareSwitch.pdf , page25 used on input line 12.
(pdftex.def)             Requested size: 699.09099pt x 988.71404pt.
File: ./externaldocs/python-microservice-cleware-switch/MicroserviceClewareSwit
ch.pdf Graphic file (type pdf)
<use ./externaldocs/python-microservice-cleware-switch/MicroserviceClewareSwitc
h.pdf, page 25>
Package pdftex.def Info: ./externaldocs/python-microservice-cleware-switch/Micr
oserviceClewareSwitch.pdf , page25 used on input line 12.
(pdftex.def)             Requested size: 699.09099pt x 988.71404pt.
File: ./externaldocs/python-microservice-cleware-switch/MicroserviceClewareSwit
ch.pdf Graphic file (type pdf)
<use ./externaldocs/python-microservice-cleware-switch/MicroserviceClewareSwitc
h.pdf, page 25>
Package pdftex.def Info: ./externaldocs/python-microservice-cleware-switch/Micr
oserviceClewareSwitch.pdf , page25 used on input line 12.
(pdftex.def)             Requested size: 699.09099pt x 988.71404pt.
 [79 <./externaldocs/python-microservice-cleware-switch/MicroserviceClewareSwit
ch.pdf>])
(externaldocs/python_modules_installed.tex
Chapter 8.

Underfull \hbox (badness 10000) in paragraph at lines 16--254
\OT1/cmr/m/n/10 robotframework-appiumlibrary :
 []


Underfull \hbox (badness 10000) in paragraph at lines 16--254
\OT1/cmr/m/n/10 robotframework-documentation :
 []


Underfull \hbox (badness 10000) in paragraph at lines 16--254
\OT1/cmr/m/n/10 robotframework-extensions-collection
 []


Underfull \hbox (badness 10000) in paragraph at lines 16--254
\OT1/cmr/m/n/10 robotframework-imagecompare :
 []


Underfull \hbox (badness 10000) in paragraph at lines 16--254
\OT1/cmr/m/n/10 robotframework-mqttlibrary :
 []


Underfull \hbox (badness 10000) in paragraph at lines 16--254
\OT1/cmr/m/n/10 robotframework-qconnect-winapp :
 []


Overfull \hbox (5.52814pt too wide) in paragraph at lines 16--254
\OT1/cmr/m/n/10 robotframework-testsuitesmanagement
 []


Underfull \hbox (badness 10000) in paragraph at lines 16--254
\OT1/cmr/m/n/10 robotframework-tmllog2robotlog :
 []


Underfull \hbox (badness 10000) in paragraph at lines 16--254

 []

[80

]
LaTeX Font Info:    Trying to load font information for TS1+pcr on input line 2
73.
 (C:\Users\HTV3HC\AppData\Local\Programs\MiKTeX\tex/latex/psnfss\ts1pcr.fd
File: ts1pcr.fd 2001/06/04 font definitions for TS1/pcr.
) [81]) (externaldocs/final_summary.tex) [82] (DeviceAutomationService.aux
(include/introduction.aux) (include/installation.aux) (include/components.aux)
(include/fw_environment.aux) (include/code_analysis.aux) (include/logging.aux))
 ***********
LaTeX2e <2023-06-01> patch level 1
L3 programming layer <2023-06-30>
 ***********
Package rerunfilecheck Info: File `DeviceAutomationService.out' has not changed
.
(rerunfilecheck)             Checksum: 76687C55C29731090E8D686801722293;1772.
 ) 
Here is how much of TeX's memory you used:
 30363 strings out of 475550
 616864 string characters out of 5762062
 1956238 words of memory out of 5000000
 50870 multiletter control sequences out of 15000+600000
 573280 words of font info for 94 fonts, out of 8000000 for 9000
 1141 hyphenation exceptions out of 8191
 105i,18n,106p,572b,1448s stack positions out of 10000i,1000n,20000p,200000b,200000s
 <C:\Users\HTV3HC\AppData\Local\MiKTeX\fonts/pk/ljfour/jknappen/ec/dpi600\tcr
m1000.pk><C:/Users/HTV3HC/AppData/Local/Programs/MiKTeX/fonts/type1/public/amsf
onts/cm/cmbx10.pfb><C:/Users/HTV3HC/AppData/Local/Programs/MiKTeX/fonts/type1/p
ublic/amsfonts/cm/cmbx12.pfb><C:/Users/HTV3HC/AppData/Local/Programs/MiKTeX/fon
ts/type1/public/amsfonts/cm/cmmi10.pfb><C:/Users/HTV3HC/AppData/Local/Programs/
MiKTeX/fonts/type1/public/amsfonts/cm/cmmi5.pfb><C:/Users/HTV3HC/AppData/Local/
Programs/MiKTeX/fonts/type1/public/amsfonts/cm/cmmi9.pfb><C:/Users/HTV3HC/AppDa
ta/Local/Programs/MiKTeX/fonts/type1/public/amsfonts/cm/cmr10.pfb><C:/Users/HTV
3HC/AppData/Local/Programs/MiKTeX/fonts/type1/public/amsfonts/cm/cmr12.pfb><C:/
Users/HTV3HC/AppData/Local/Programs/MiKTeX/fonts/type1/public/amsfonts/cm/cmsl1
0.pfb><C:/Users/HTV3HC/AppData/Local/Programs/MiKTeX/fonts/type1/public/amsfont
s/cm/cmsy10.pfb><C:/Users/HTV3HC/AppData/Local/Programs/MiKTeX/fonts/type1/publ
ic/amsfonts/cm/cmsy5.pfb><C:/Users/HTV3HC/AppData/Local/Programs/MiKTeX/fonts/t
ype1/public/amsfonts/cm/cmsy9.pfb><C:/Users/HTV3HC/AppData/Local/Programs/MiKTe
X/fonts/type1/public/amsfonts/cm/cmti10.pfb><C:/Users/HTV3HC/AppData/Local/Prog
rams/MiKTeX/fonts/type1/public/amsfonts/cm/cmti12.pfb><C:/Users/HTV3HC/AppData/
Local/Programs/MiKTeX/fonts/type1/public/amsfonts/cm/cmti9.pfb><C:/Users/HTV3HC
/AppData/Local/Programs/MiKTeX/fonts/type1/urw/courier/ucrb8a.pfb><C:/Users/HTV
3HC/AppData/Local/Programs/MiKTeX/fonts/type1/urw/courier/ucrr8a.pfb>
Output written on DeviceAutomationService.pdf (84 pages, 764792 bytes).
PDF statistics:
 772 PDF objects out of 1000 (max. 8388607)
 126 named destinations out of 1000 (max. 500000)
 532 words of extra memory for PDF output out of 10000 (max. 10000000)

